node_id,parent_id,action_from_parent,depth,visits,total_value,average_value,factor_ids,projlen
0,,,0,500,176.05847450984828,0.3521169490196966,[],0
1,0,5,1,48,16.82625820952484,0.3505470460317675,[5],3
2,1,12,2,17,5.761829101000651,0.3389311235882736,"[5, 12]",5
3,2,6,3,15,5.043696246405702,0.3362464164270468,"[5, 12, 6]",7
4,3,9,4,14,4.688124203394949,0.33486601452821063,"[5, 12, 6, 9]",10
5,4,4,5,13,4.339498116438427,0.3338075474183405,"[5, 12, 6, 9, 4]",13
6,5,13,6,12,4.001322147446178,0.3334435122871815,"[5, 12, 6, 9, 4, 13]",15
7,6,1,7,11,3.6576650045890355,0.33251500041718507,"[5, 12, 6, 9, 4, 13, 1]",17
8,7,18,8,10,3.314007861731893,0.3314007861731893,"[5, 12, 6, 9, 4, 13, 1, 18]",20
9,8,8,9,9,2.9796745283985593,0.3310749475998399,"[5, 12, 6, 9, 4, 13, 1, 18, 8]",23
10,9,2,10,8,2.6490041987282296,0.3311255248410287,"[5, 12, 6, 9, 4, 13, 1, 18, 8, 2]",25
11,10,3,11,7,2.298639941700117,0.32837713452858813,"[5, 12, 6, 9, 4, 13, 1, 18, 8, 2, 3]",27
12,11,4,12,6,1.9679696120297878,0.327994935338298,"[5, 12, 6, 9, 4, 13, 1, 18, 8, 2, 3, 4]",29
13,12,12,13,5,1.6297936430375397,0.32595872860750796,"[5, 12, 6, 9, 4, 13, 1, 18, 8, 2, 3, 4, 12]",32
14,13,9,14,4,1.309644706867327,0.32741117671683173,"[5, 12, 6, 9, 4, 13, 1, 18, 8, 2, 3, 4, 12, 9]",35
15,14,4,15,3,0.9894957706971141,0.32983192356570473,"[5, 12, 6, 9, 4, 13, 1, 18, 8, 2, 3, 4, 12, 9, 4]",37
16,15,13,16,2,0.6624088141753749,0.33120440708768745,"[5, 12, 6, 9, 4, 13, 1, 18, 8, 2, 3, 4, 12, 9, 4, 13]",39
17,0,13,1,49,17.38327481244013,0.35476071045796187,[13],2
18,17,10,2,18,6.434394978361937,0.3574663876867743,"[13, 10]",4
19,18,2,3,15,5.342745865383412,0.35618305769222747,"[13, 10, 2]",6
20,19,16,4,14,4.957130480768027,0.3540807486262877,"[13, 10, 2, 16]",8
21,20,16,5,13,4.578786036323583,0.3522143104864295,"[13, 10, 2, 16, 16]",10
22,21,16,6,12,4.1712063753066335,0.3476005312755528,"[13, 10, 2, 16, 16, 16]",12
23,22,3,7,11,3.7989111372113955,0.3453555579283087,"[13, 10, 2, 16, 16, 16, 3]",15
24,23,18,8,10,3.4539488421294284,0.34539488421294284,"[13, 10, 2, 16, 16, 16, 3, 18]",18
25,24,6,9,9,3.0895124784930648,0.3432791642770072,"[13, 10, 2, 16, 16, 16, 3, 18, 6]",20
26,25,6,10,8,2.7450291451597315,0.34312864314496644,"[13, 10, 2, 16, 16, 16, 3, 18, 6, 6]",22
27,26,9,11,7,2.399201558952835,0.342743079850405,"[13, 10, 2, 16, 16, 16, 3, 18, 6, 6, 9]",25
28,27,18,12,6,2.056804810985355,0.3428008018308925,"[13, 10, 2, 16, 16, 16, 3, 18, 6, 6, 9, 18]",28
29,28,6,13,5,1.7224714776520216,0.34449429553040434,"[13, 10, 2, 16, 16, 16, 3, 18, 6, 6, 9, 18, 6]",30
30,29,9,14,4,1.3881381443186884,0.3470345360796721,"[13, 10, 2, 16, 16, 16, 3, 18, 6, 6, 9, 18, 6, 9]",33
31,30,18,15,3,1.0383009350163628,0.3461003116721209,"[13, 10, 2, 16, 16, 16, 3, 18, 6, 6, 9, 18, 6, 9, 18]",36
32,31,6,16,2,0.7147202898550724,0.3573601449275362,"[13, 10, 2, 16, 16, 16, 3, 18, 6, 6, 9, 18, 6, 9, 18, 6]",38
33,17,1,2,17,5.850333408499876,0.3441372593235221,"[13, 1]",4
34,33,1,3,15,5.094283094034466,0.3396188729356311,"[13, 1, 1]",6
35,1,3,2,18,6.322446171209359,0.35124700951163107,"[5, 3]",6
36,34,1,4,14,4.742498409349782,0.3387498863821273,"[13, 1, 1, 1]",8
37,0,12,1,47,16.22268955713248,0.3451636075985634,[12],3
38,37,9,2,17,5.670620080520184,0.3335658870894226,"[12, 9]",6
39,38,18,3,15,4.964650667828028,0.3309767111885352,"[12, 9, 18]",9
40,39,9,4,14,4.637563711306289,0.33125455080759203,"[12, 9, 18, 9]",12
41,40,4,5,13,4.303230377972955,0.33101772138253505,"[12, 9, 18, 9, 4]",14
42,41,3,6,12,3.9692303779729547,0.3307691981644129,"[12, 9, 18, 9, 4, 3]",17
43,42,4,7,11,3.617012359954937,0.3288193054504488,"[12, 9, 18, 9, 4, 3, 4]",20
44,43,2,8,10,3.2826790266216035,0.3282679026621603,"[12, 9, 18, 9, 4, 3, 4, 2]",22
45,44,12,9,9,2.920233243489074,0.32447036038767485,"[12, 9, 18, 9, 4, 3, 4, 2, 12]",24
46,45,9,10,8,2.577836495521594,0.32222956194019925,"[12, 9, 18, 9, 4, 3, 4, 2, 12, 9]",27
47,46,4,11,7,2.250749538999855,0.3215356484285507,"[12, 9, 18, 9, 4, 3, 4, 2, 12, 9, 4]",30
48,47,13,12,6,1.9271688938385647,0.32119481563976077,"[12, 9, 18, 9, 4, 3, 4, 2, 12, 9, 4, 13]",32
49,48,21,13,5,1.5805565481595525,0.3161113096319105,"[12, 9, 18, 9, 4, 3, 4, 2, 12, 9, 4, 13, 21]",34
50,49,18,14,4,1.254041819477382,0.3135104548693455,"[12, 9, 18, 9, 4, 3, 4, 2, 12, 9, 4, 13, 21, 18]",37
51,50,6,15,3,0.9469193704977901,0.31563979016593,"[12, 9, 18, 9, 4, 3, 4, 2, 12, 9, 4, 13, 21, 18, 6]",39
52,51,6,16,2,0.6397969215181982,0.3198984607590991,"[12, 9, 18, 9, 4, 3, 4, 2, 12, 9, 4, 13, 21, 18, 6, 6]",41
53,37,8,2,18,6.207671049994941,0.34487061388860785,"[12, 8]",6
54,53,3,3,15,5.043111936482385,0.336207462432159,"[12, 8, 3]",8
55,35,4,3,15,5.271151148584925,0.35141007657232837,"[5, 3, 4]",9
56,54,1,4,14,4.687906560138299,0.33485046858130707,"[12, 8, 3, 1]",10
57,36,4,5,13,4.385866205959951,0.3373743235353809,"[13, 1, 1, 1, 4]",10
58,55,16,4,14,4.931232100965877,0.3522308643547055,"[5, 3, 4, 16]",11
59,57,3,6,12,4.0148291689229145,0.3345690974102429,"[13, 1, 1, 1, 4, 3]",13
60,56,4,5,13,4.3434232268049655,0.3341094789849973,"[12, 8, 3, 1, 4]",12
61,58,12,5,13,4.57308924382302,0.35177609567869383,"[5, 3, 4, 16, 12]",14
62,59,18,7,11,3.651676995009871,0.33197063590998827,"[13, 1, 1, 1, 4, 3, 18]",16
63,60,2,6,12,3.9930589697768535,0.3327549141480711,"[12, 8, 3, 1, 4, 2]",14
64,61,6,6,12,4.201354835220869,0.3501129029350724,"[5, 3, 4, 16, 12, 6]",16
65,0,11,1,48,16.867990396143963,0.3514164665863326,[11],3
66,65,1,2,17,5.84160081038923,0.3436235770817194,"[11, 1]",5
67,66,4,3,15,5.146985756625789,0.34313238377505256,"[11, 1, 4]",8
68,67,3,4,14,4.798626336335934,0.3427590240239953,"[11, 1, 4, 3]",11
69,68,18,5,13,4.4396349783112425,0.34151038294701863,"[11, 1, 4, 3, 18]",14
70,69,6,6,12,4.093430216406481,0.3411191847005401,"[11, 1, 4, 3, 18, 6]",16
71,70,8,7,11,3.7535111687874334,0.34122828807158484,"[11, 1, 4, 3, 18, 6, 8]",18
72,71,16,8,10,3.3988983482746127,0.33988983482746127,"[11, 1, 4, 3, 18, 6, 8, 16]",20
73,72,13,9,9,3.0320446897380275,0.33689385441533637,"[11, 1, 4, 3, 18, 6, 8, 16, 13]",22
74,73,7,10,8,2.675013639509717,0.33437670493871463,"[11, 1, 4, 3, 18, 6, 8, 16, 13, 7]",24
75,74,9,11,7,2.31687078236686,0.3309815403381228,"[11, 1, 4, 3, 18, 6, 8, 16, 13, 7, 9]",27
76,75,1,12,6,1.9862004526965302,0.33103340878275506,"[11, 1, 4, 3, 18, 6, 8, 16, 13, 7, 9, 1]",29
77,76,4,13,5,1.659113496174791,0.3318226992349582,"[11, 1, 4, 3, 18, 6, 8, 16, 13, 7, 9, 1, 4]",32
78,77,16,14,4,1.3161415663502296,0.3290353915875574,"[11, 1, 4, 3, 18, 6, 8, 16, 13, 7, 9, 1, 4, 16]",34
79,78,3,15,3,0.9818082330168965,0.32726941100563217,"[11, 1, 4, 3, 18, 6, 8, 16, 13, 7, 9, 1, 4, 16, 3]",36
80,79,1,16,2,0.6582275878556061,0.32911379392780304,"[11, 1, 4, 3, 18, 6, 8, 16, 13, 7, 9, 1, 4, 16, 3, 1]",38
81,65,22,2,18,6.50867427609678,0.36159301533871,"[11, 22]",5
82,81,9,3,15,5.301861378468094,0.35345742523120627,"[11, 22, 9]",8
83,82,18,4,14,4.952524169165769,0.3537517263689835,"[11, 22, 9, 18]",11
84,83,9,5,13,4.609552239341207,0.3545809414877852,"[11, 22, 9, 18, 9]",14
85,84,4,6,12,4.225452239341207,0.3521210199451006,"[11, 22, 9, 18, 9, 4]",16
86,85,13,7,11,3.7896696306455544,0.34451542096777765,"[11, 22, 9, 18, 9, 4, 13]",18
87,62,9,8,10,3.3017373124701885,0.3301737312470189,"[13, 1, 1, 1, 4, 3, 18, 9]",19
88,63,3,7,11,3.6202974313153153,0.3291179483013923,"[12, 8, 3, 1, 4, 2, 3]",17
89,64,9,7,11,3.8670215018875362,0.3515474092625033,"[5, 3, 4, 16, 12, 6, 9]",19
90,86,18,8,10,3.422815972108969,0.3422815972108969,"[11, 22, 9, 18, 9, 4, 13, 18]",21
91,87,1,9,9,2.9623276350508334,0.32914751500564815,"[13, 1, 1, 1, 4, 3, 18, 9, 1]",21
92,88,4,8,10,3.285964097981982,0.3285964097981982,"[12, 8, 3, 1, 4, 2, 3, 4]",20
93,89,1,8,10,3.491021501887536,0.34910215018875357,"[5, 3, 4, 16, 12, 6, 9, 1]",21
94,90,6,9,9,3.099235326947679,0.3443594807719643,"[11, 22, 9, 18, 9, 4, 13, 18, 6]",23
95,91,18,10,8,2.6316573053805037,0.32895716317256296,"[13, 1, 1, 1, 4, 3, 18, 9, 1, 18]",24
96,92,3,9,9,2.951630764648648,0.3279589738498498,"[12, 8, 3, 1, 4, 2, 3, 4, 3]",23
97,93,4,9,9,3.156688168554203,0.3507431298393559,"[5, 3, 4, 16, 12, 6, 9, 1, 4]",23
98,94,8,10,8,2.7649019936143455,0.3456127492017932,"[11, 22, 9, 18, 9, 4, 13, 18, 6, 8]",26
99,95,8,11,7,2.2973239720471708,0.3281891388638815,"[13, 1, 1, 1, 4, 3, 18, 9, 1, 18, 8]",26
100,97,2,10,8,2.7939192030369617,0.3492399003796202,"[5, 3, 4, 16, 12, 6, 9, 1, 4, 2]",25
101,0,1,1,47,16.279963630001813,0.3463822048936556,[1],2
102,101,18,2,18,6.240072692230287,0.34667070512390485,"[1, 18]",5
103,102,8,3,15,5.200107497802347,0.34667383318682315,"[1, 18, 8]",8
104,103,16,4,14,4.862028846116954,0.34728777472263955,"[1, 18, 8, 16]",10
105,104,13,5,13,4.510244161432269,0.34694185857171295,"[1, 18, 8, 16, 13]",12
106,105,20,6,12,4.118785828098935,0.34323215234157795,"[1, 18, 8, 16, 13, 20]",15
107,106,8,7,11,3.6940767371898438,0.3358251579263494,"[1, 18, 8, 16, 13, 20, 8]",18
108,107,3,8,10,3.355900768197596,0.3355900768197596,"[1, 18, 8, 16, 13, 20, 8, 3]",20
109,108,4,9,9,2.9934549850650662,0.332606109451674,"[1, 18, 8, 16, 13, 20, 8, 3, 4]",22
110,109,12,10,8,2.6388421645522455,0.3298552705690307,"[1, 18, 8, 16, 13, 20, 8, 3, 4, 12]",25
111,110,6,11,7,2.308171834881916,0.3297388335545594,"[1, 18, 8, 16, 13, 20, 8, 3, 4, 12, 6]",27
112,111,8,12,6,1.9810848783601767,0.33018081306002944,"[1, 18, 8, 16, 13, 20, 8, 3, 4, 12, 6, 8]",30
113,112,16,13,5,1.6264596751081442,0.32529193502162884,"[1, 18, 8, 16, 13, 20, 8, 3, 4, 12, 6, 8, 16]",32
114,113,12,14,4,1.2843165378532424,0.3210791344633106,"[1, 18, 8, 16, 13, 20, 8, 3, 4, 12, 6, 8, 16, 12]",34
115,114,9,15,3,0.9572295813315032,0.31907652711050105,"[1, 18, 8, 16, 13, 20, 8, 3, 4, 12, 6, 8, 16, 12, 9]",37
116,115,4,16,2,0.6336489361702128,0.3168244680851064,"[1, 18, 8, 16, 13, 20, 8, 3, 4, 12, 6, 8, 16, 12, 9, 4]",40
117,101,4,2,17,5.890523898318213,0.34650140578342425,"[1, 4]",5
118,117,3,3,15,5.185375598998484,0.34569170659989895,"[1, 4, 3]",8
119,118,18,4,14,4.846846594669479,0.34620332819067706,"[1, 4, 3, 18]",11
120,119,6,5,13,4.470846594669479,0.3439112765130368,"[1, 4, 3, 18, 6]",13
121,120,8,6,12,4.136913261336146,0.3447427717780122,"[1, 4, 3, 18, 6, 8]",15
122,121,3,7,11,3.7710672295901144,0.3428242935991013,"[1, 4, 3, 18, 6, 8, 3]",18
123,122,1,8,10,3.4439802730683753,0.34439802730683755,"[1, 4, 3, 18, 6, 8, 3, 1]",20
124,123,4,9,9,3.1238313368981623,0.3470923707664625,"[1, 4, 3, 18, 6, 8, 3, 1, 4]",23
125,124,16,10,8,2.796744380376423,0.3495930475470529,"[1, 4, 3, 18, 6, 8, 3, 1, 4, 16]",25
126,96,18,10,8,2.631481828478435,0.3289352285598044,"[12, 8, 3, 1, 4, 2, 3, 4, 3, 18]",26
127,98,16,11,7,2.4305686602810126,0.34722409432585893,"[11, 22, 9, 18, 9, 4, 13, 18, 6, 8, 16]",28
128,125,16,11,7,2.4660740507060934,0.35229629295801335,"[1, 4, 3, 18, 6, 8, 3, 1, 4, 16, 16]",27
129,126,9,11,7,2.249729447526054,0.3213899210751506,"[12, 8, 3, 1, 4, 2, 3, 4, 3, 18, 9]",29
130,99,2,12,6,1.9629906387138372,0.3271651064523062,"[13, 1, 1, 1, 4, 3, 18, 9, 1, 18, 8, 2]",28
131,100,2,11,7,2.4506201162789707,0.35008858803985293,"[5, 3, 4, 16, 12, 6, 9, 1, 4, 2, 2]",27
132,127,12,12,6,2.026824215836568,0.3378040359727614,"[11, 22, 9, 18, 9, 4, 13, 18, 6, 8, 16, 12]",30
133,128,16,12,6,2.1389870941843543,0.35649784903072573,"[1, 4, 3, 18, 6, 8, 3, 1, 4, 16, 16, 16]",29
134,131,13,12,6,2.061693748119767,0.3436156246866278,"[5, 3, 4, 16, 12, 6, 9, 1, 4, 2, 2, 13]",29
135,129,1,12,6,1.9154627808593876,0.31924379680989795,"[12, 8, 3, 1, 4, 2, 3, 4, 3, 18, 9, 1]",31
136,130,3,13,5,1.632478517501716,0.3264957035003432,"[13, 1, 1, 1, 4, 3, 18, 9, 1, 18, 8, 2, 3]",31
137,132,6,13,5,1.6884242158365677,0.3376848431673135,"[11, 22, 9, 18, 9, 4, 13, 18, 6, 8, 16, 12, 6]",32
138,134,21,13,5,1.7094757301017487,0.34189514602034976,"[5, 3, 4, 16, 12, 6, 9, 1, 4, 2, 2, 13, 21]",31
139,133,13,13,5,1.8046537608510211,0.3609307521702042,"[1, 4, 3, 18, 6, 8, 3, 1, 4, 16, 16, 16, 13]",31
140,135,18,13,5,1.5773841291739943,0.31547682583479886,"[12, 8, 3, 1, 4, 2, 3, 4, 3, 18, 9, 1, 18]",34
141,136,1,14,4,1.312329581331503,0.32808239533287575,"[13, 1, 1, 1, 4, 3, 18, 9, 1, 18, 8, 2, 3, 1]",33
142,137,9,14,4,1.3648435706752775,0.3412108926688194,"[11, 22, 9, 18, 9, 4, 13, 18, 6, 8, 16, 12, 6, 9]",35
143,139,20,14,4,1.4476227106227106,0.36190567765567766,"[1, 4, 3, 18, 6, 8, 3, 1, 4, 16, 16, 16, 13, 20]",34
144,138,20,14,4,1.3632709681969868,0.3408177420492467,"[5, 3, 4, 16, 12, 6, 9, 1, 4, 2, 2, 13, 21, 20]",34
145,0,2,1,48,16.878954682251432,0.3516448892135715,[2],2
146,145,16,2,17,5.9688566649393495,0.3511092155846676,"[2, 16]",4
147,146,13,3,15,5.235113807796493,0.3490075871864329,"[2, 16, 13]",6
148,147,9,4,14,4.810404716887401,0.34360033692052866,"[2, 16, 13, 9]",9
149,148,4,5,13,4.4182003690613145,0.3398615668508703,"[2, 16, 13, 9, 4]",12
150,149,13,6,12,4.06984094877146,0.33915341239762165,"[2, 16, 13, 9, 4, 13]",14
151,150,4,7,11,3.6819441745779113,0.33472219768890105,"[2, 16, 13, 9, 4, 13, 4]",16
152,151,12,8,10,3.2966621232958597,0.329666212329586,"[2, 16, 13, 9, 4, 13, 4, 12]",19
153,152,9,9,9,2.9623287899625264,0.32914764332916957,"[2, 16, 13, 9, 4, 13, 4, 12, 9]",22
154,153,1,10,8,2.628062123295859,0.3285077654119824,"[2, 16, 13, 9, 4, 13, 4, 12, 9, 1]",24
155,154,18,11,7,2.285918986040958,0.3265598551487083,"[2, 16, 13, 9, 4, 13, 4, 12, 9, 1, 18]",27
156,155,9,12,6,1.9515856527076245,0.32526427545127073,"[2, 16, 13, 9, 4, 13, 4, 12, 9, 1, 18, 9]",30
157,156,4,13,5,1.624498696185885,0.32489973923717697,"[2, 16, 13, 9, 4, 13, 4, 12, 9, 1, 18, 9, 4]",32
158,157,3,14,4,1.290165362852552,0.322541340713138,"[2, 16, 13, 9, 4, 13, 4, 12, 9, 1, 18, 9, 4, 3]",35
159,158,4,15,3,0.9760456841376924,0.3253485613792308,"[2, 16, 13, 9, 4, 13, 4, 12, 9, 1, 18, 9, 4, 3, 4]",38
160,159,16,16,2,0.6558967479674797,0.3279483739837398,"[2, 16, 13, 9, 4, 13, 4, 12, 9, 1, 18, 9, 4, 3, 4, 16]",40
161,145,13,2,18,6.392298428625855,0.35512769047921416,"[2, 13]",4
162,161,6,3,15,5.3223428135730515,0.3548228542382034,"[2, 13, 6]",6
163,162,6,4,14,4.889377047807285,0.34924121770052036,"[2, 13, 6, 6]",8
164,163,6,5,13,4.488710381140619,0.3452854139338938,"[2, 13, 6, 6, 6]",10
165,164,6,6,12,4.1364923631226,0.34470769692688336,"[2, 13, 6, 6, 6, 6]",12
166,165,8,7,11,3.791530068040633,0.34468455164005757,"[2, 13, 6, 6, 6, 6, 8]",14
167,166,13,8,10,3.430930068040633,0.3430930068040633,"[2, 13, 6, 6, 6, 6, 8, 13]",16
168,167,11,9,9,3.0791453833559483,0.3421272648173276,"[2, 13, 6, 6, 6, 6, 8, 13, 11]",19
169,168,12,10,8,2.6946504061869985,0.3368313007733748,"[2, 13, 6, 6, 6, 6, 8, 13, 11, 12]",20
170,169,9,11,7,2.3417043967973274,0.33452919954247534,"[2, 13, 6, 6, 6, 6, 8, 13, 11, 12, 9]",23
171,170,18,12,6,2.003528427805079,0.33392140463417985,"[2, 13, 6, 6, 6, 6, 8, 13, 11, 12, 9, 18]",26
172,171,6,13,5,1.669195094471746,0.3338390188943492,"[2, 13, 6, 6, 6, 6, 8, 13, 11, 12, 9, 18, 6]",28
173,172,8,14,4,1.3262231646471845,0.3315557911617961,"[2, 13, 6, 6, 6, 6, 8, 13, 11, 12, 9, 18, 6, 8]",30
174,173,3,15,3,0.9812608695652174,0.32708695652173914,"[2, 13, 6, 6, 6, 6, 8, 13, 11, 12, 9, 18, 6, 8, 3]",33
175,140,8,14,4,1.2572351930037815,0.3143087982509454,"[12, 8, 3, 1, 4, 2, 3, 4, 3, 18, 9, 1, 18, 8]",36
176,141,1,15,3,0.9887489361702129,0.3295829787234043,"[13, 1, 1, 1, 4, 3, 18, 9, 1, 18, 8, 2, 3, 1, 1]",35
177,142,4,15,3,1.0412629255139871,0.34708764183799573,"[11, 22, 9, 18, 9, 4, 13, 18, 6, 8, 16, 12, 6, 9, 4]",38
178,143,17,15,3,1.0323703296703297,0.34412344322344324,"[1, 4, 3, 18, 6, 8, 3, 1, 4, 16, 16, 16, 13, 20, 17]",36
179,174,18,16,2,0.6541739130434783,0.32708695652173914,"[2, 13, 6, 6, 6, 6, 8, 13, 11, 12, 9, 18, 6, 8, 3, 18]",36
180,144,17,15,3,1.0236212506828626,0.3412070835609542,"[5, 3, 4, 16, 12, 6, 9, 1, 4, 2, 2, 13, 21, 20, 17]",36
181,176,18,16,2,0.6429213499633162,0.3214606749816581,"[13, 1, 1, 1, 4, 3, 18, 9, 1, 18, 8, 2, 3, 1, 1, 18]",38
182,175,3,15,3,0.9370862568335687,0.31236208561118955,"[12, 8, 3, 1, 4, 2, 3, 4, 3, 18, 9, 1, 18, 8, 3]",39
183,177,13,16,2,0.703086956521739,0.3515434782608695,"[11, 22, 9, 18, 9, 4, 13, 18, 6, 8, 16, 12, 6, 9, 4, 13]",40
184,178,19,16,2,0.6649703296703297,0.3324851648351648,"[1, 4, 3, 18, 6, 8, 3, 1, 4, 16, 16, 16, 13, 20, 17, 19]",39
185,180,2,16,2,0.6689960474308301,0.33449802371541504,"[5, 3, 4, 16, 12, 6, 9, 1, 4, 2, 2, 13, 21, 20, 17, 2]",37
186,179,6,17,1,0.32708695652173914,0.32708695652173914,"[2, 13, 6, 6, 6, 6, 8, 13, 11, 12, 9, 18, 6, 8, 3, 18, 6]",38
187,32,6,17,1,0.32708695652173914,0.32708695652173914,"[13, 10, 2, 16, 16, 16, 3, 18, 6, 6, 9, 18, 6, 9, 18, 6, 6]",40
188,182,18,16,2,0.6135056116722784,0.3067528058361392,"[12, 8, 3, 1, 4, 2, 3, 4, 3, 18, 9, 1, 18, 8, 3, 18]",42
189,183,11,17,1,0.37599999999999995,0.37599999999999995,"[11, 22, 9, 18, 9, 4, 13, 18, 6, 8, 16, 12, 6, 9, 4, 13, 11]",43
190,116,16,17,1,0.3135,0.3135,"[1, 18, 8, 16, 13, 20, 8, 3, 4, 12, 6, 8, 16, 12, 9, 4, 16]",42
191,185,12,17,1,0.32708695652173914,0.32708695652173914,"[5, 3, 4, 16, 12, 6, 9, 1, 4, 2, 2, 13, 21, 20, 17, 2, 12]",39
192,160,2,17,1,0.3135,0.3135,"[2, 16, 13, 9, 4, 13, 4, 12, 9, 1, 18, 9, 4, 3, 4, 16, 2]",42
193,80,1,17,1,0.33807865168539325,0.33807865168539325,"[11, 1, 4, 3, 18, 6, 8, 16, 13, 7, 9, 1, 4, 16, 3, 1, 1]",40
194,181,8,17,1,0.32277241379310345,0.32277241379310345,"[13, 1, 1, 1, 4, 3, 18, 9, 1, 18, 8, 2, 3, 1, 1, 18, 8]",40
195,188,9,17,1,0.30403030303030304,0.30403030303030304,"[12, 8, 3, 1, 4, 2, 3, 4, 3, 18, 9, 1, 18, 8, 3, 18, 9]",45
196,184,1,17,1,0.3343,0.3343,"[1, 4, 3, 18, 6, 8, 3, 1, 4, 16, 16, 16, 13, 20, 17, 19, 1]",39
197,0,19,1,47,16.272636445648878,0.34622630735423143,[19],3
198,197,18,2,17,5.736389319800081,0.33743466587059295,"[19, 18]",5
199,198,6,3,15,5.049837968448729,0.33665586456324864,"[19, 18, 6]",7
200,199,6,4,14,4.695896791978141,0.3354211994270101,"[19, 18, 6, 6]",9
201,200,9,5,13,4.337753934835284,0.33367337960271415,"[19, 18, 6, 6, 9]",12
202,201,18,6,12,3.9922596819617207,0.3326883068301434,"[19, 18, 6, 6, 9, 18]",15
203,202,6,7,11,3.642422472659395,0.33112931569630866,"[19, 18, 6, 6, 9, 18, 6]",17
204,203,6,8,10,3.284279615516538,0.32842796155165377,"[19, 18, 6, 6, 9, 18, 6, 6]",19
205,204,6,9,9,2.941607463617803,0.32684527373531147,"[19, 18, 6, 6, 9, 18, 6, 6, 6]",21
206,205,6,10,8,2.601957746103679,0.32524471826295986,"[19, 18, 6, 6, 9, 18, 6, 6, 6, 6]",23
207,206,9,11,7,2.258658659345688,0.3226655227636697,"[19, 18, 6, 6, 9, 18, 6, 6, 6, 6, 9]",26
208,207,18,12,6,1.9243253260123543,0.3207208876687257,"[19, 18, 6, 6, 9, 18, 6, 6, 6, 6, 9, 18]",29
209,208,9,13,5,1.6041763898421415,0.3208352779684283,"[19, 18, 6, 6, 9, 18, 6, 6, 6, 6, 9, 18, 9]",32
210,209,18,14,4,1.2840274536719287,0.3210068634179822,"[19, 18, 6, 6, 9, 18, 6, 6, 6, 6, 9, 18, 9, 18]",35
211,210,6,15,3,0.9638785175017159,0.32129283916723866,"[19, 18, 6, 6, 9, 18, 6, 6, 6, 6, 9, 18, 9, 18, 6]",37
212,211,6,16,2,0.6402978723404256,0.3201489361702128,"[19, 18, 6, 6, 9, 18, 6, 6, 6, 6, 9, 18, 9, 18, 6, 6]",39
213,197,4,2,18,6.210859852459201,0.34504776958106675,"[19, 4]",4
214,213,13,3,15,5.1393885946878,0.34262590631252,"[19, 4, 13]",6
215,214,9,4,14,4.743473090811831,0.33881950648655934,"[19, 4, 13, 9]",9
216,215,18,5,13,4.3677730908118315,0.33598254544706396,"[19, 4, 13, 9, 18]",12
217,216,6,6,12,4.01482708142216,0.3345689234518467,"[19, 4, 13, 9, 18, 6]",14
218,217,8,7,11,3.6764270814221596,0.33422064376565086,"[19, 4, 13, 9, 18, 6, 8]",16
219,218,16,8,10,3.3136581159049183,0.33136581159049183,"[19, 4, 13, 9, 18, 6, 8, 16]",18
220,219,16,9,9,2.9468044573683323,0.3274227174853703,"[19, 4, 13, 9, 18, 6, 8, 16, 16]",20
221,220,3,10,8,2.6124711240349994,0.3265588905043749,"[19, 4, 13, 9, 18, 6, 8, 16, 16, 3]",23
222,221,1,11,7,2.2856617607391194,0.32652310867701706,"[19, 4, 13, 9, 18, 6, 8, 16, 16, 3, 1]",25
223,222,1,12,6,1.9585748042173803,0.32642913403623003,"[19, 4, 13, 9, 18, 6, 8, 16, 16, 3, 1, 1]",27
224,223,18,13,5,1.6279044745470508,0.32558089490941017,"[19, 4, 13, 9, 18, 6, 8, 16, 16, 3, 1, 1, 18]",30
225,224,6,14,4,1.297234144876721,0.32430853621918027,"[19, 4, 13, 9, 18, 6, 8, 16, 16, 3, 1, 1, 18, 6]",32
226,225,9,15,3,0.9701471883549819,0.3233823961183273,"[19, 4, 13, 9, 18, 6, 8, 16, 16, 3, 1, 1, 18, 6, 9]",35
227,226,1,16,2,0.649998252184769,0.3249991260923845,"[19, 4, 13, 9, 18, 6, 8, 16, 16, 3, 1, 1, 18, 6, 9, 1]",37
228,227,18,17,1,0.3268093632958801,0.3268093632958801,"[19, 4, 13, 9, 18, 6, 8, 16, 16, 3, 1, 1, 18, 6, 9, 1, 18]",40
229,16,11,17,1,0.3388281690140846,0.3388281690140846,"[5, 12, 6, 9, 4, 13, 1, 18, 8, 2, 3, 4, 12, 9, 4, 13, 11]",42
230,161,18,3,2,0.7093556150528038,0.3546778075264019,"[2, 13, 18]",7
231,212,8,17,1,0.3201489361702128,0.3201489361702128,"[19, 18, 6, 6, 9, 18, 6, 6, 6, 6, 9, 18, 9, 18, 6, 6, 8]",42
232,81,17,3,2,0.820114652014652,0.410057326007326,"[11, 22, 17]",7
233,18,12,3,2,0.7197872082166201,0.35989360410831006,"[13, 10, 12]",7
234,52,9,17,1,0.3196479853479854,0.3196479853479854,"[12, 9, 18, 9, 4, 3, 4, 2, 12, 9, 4, 13, 21, 18, 6, 6, 9]",44
235,102,9,3,2,0.6757954974582425,0.33789774872912126,"[1, 18, 9]",8
236,35,1,3,2,0.6977538461538462,0.3488769230769231,"[5, 3, 1]",8
237,146,2,3,1,0.35814285714285715,0.35814285714285715,"[2, 16, 2]",6
238,66,1,3,1,0.355205376344086,0.355205376344086,"[11, 1, 1]",7
239,33,18,3,1,0.35912389937106914,0.35912389937106914,"[13, 1, 18]",7
240,213,3,3,2,0.6958712577714012,0.3479356288857006,"[19, 4, 3]",6
241,53,16,3,2,0.7838122780695175,0.39190613903475874,"[12, 8, 16]",8
242,117,2,3,1,0.34750544217687074,0.34750544217687074,"[1, 4, 2]",7
243,2,8,3,1,0.35912389937106914,0.35912389937106914,"[5, 12, 8]",7
244,230,9,4,1,0.35899135802469134,0.35899135802469134,"[2, 13, 18, 9]",10
245,232,16,4,1,0.46213846153846144,0.46213846153846144,"[11, 22, 17, 16]",8
246,233,6,4,1,0.35394117647058826,0.35394117647058826,"[13, 10, 12, 6]",9
247,198,9,3,1,0.3343333333333333,0.3343333333333333,"[19, 18, 9]",8
248,38,4,3,1,0.3493372093023256,0.3493372093023256,"[12, 9, 4]",8
249,235,18,4,1,0.3218543209876543,0.3218543209876543,"[1, 18, 9, 18]",11
250,65,18,2,12,4.094271719914365,0.34118930999286373,"[11, 18]",6
251,145,3,2,12,4.14259958868623,0.3452166323905192,"[2, 3]",5
252,236,1,4,1,0.34705384615384616,0.34705384615384616,"[5, 3, 1, 1]",10
253,17,11,2,13,4.729892039613405,0.3638378492010312,"[13, 11]",5
254,240,4,4,1,0.35394117647058826,0.35394117647058826,"[19, 4, 3, 4]",8
255,241,16,4,1,0.38789677419354845,0.38789677419354845,"[12, 8, 16, 16]",10
256,250,6,3,11,3.7036613303039747,0.3366964845730886,"[11, 18, 6]",8
257,0,4,1,49,17.256143049517416,0.3521661846840289,[4],3
258,257,16,2,17,6.05526144708241,0.35619184982837704,"[4, 16]",5
259,258,3,3,15,5.304859148231835,0.35365727654878903,"[4, 16, 3]",7
260,259,4,4,14,4.963900282983608,0.35456430592740057,"[4, 16, 3, 4]",10
261,260,13,5,13,4.600433616316941,0.353879508947457,"[4, 16, 3, 4, 13]",12
262,261,21,6,12,4.256383367560723,0.3546986139633936,"[4, 16, 3, 4, 13, 21]",14
263,262,10,7,11,3.8941145732344813,0.3540104157485892,"[4, 16, 3, 4, 13, 21, 10]",16
264,263,3,8,10,3.5252268539362364,0.35252268539362364,"[4, 16, 3, 4, 13, 21, 10, 3]",19
265,264,1,9,9,3.170601650684204,0.35228907229824485,"[4, 16, 3, 4, 13, 21, 10, 3, 1]",21
266,265,1,10,8,2.8048367858193384,0.3506045982274173,"[4, 16, 3, 4, 13, 21, 10, 3, 1, 1]",23
267,266,1,11,7,2.4646141443099046,0.35208773490141493,"[4, 16, 3, 4, 13, 21, 10, 3, 1, 1, 1]",25
268,267,18,12,6,2.1139141443099048,0.3523190240516508,"[4, 16, 3, 4, 13, 21, 10, 3, 1, 1, 1, 18]",28
269,268,6,13,5,1.6949656594614197,0.33899313189228397,"[4, 16, 3, 4, 13, 21, 10, 3, 1, 1, 1, 18, 6]",30
270,269,9,14,4,1.323231250859269,0.33080781271481724,"[4, 16, 3, 4, 13, 21, 10, 3, 1, 1, 1, 18, 6, 9]",33
271,270,4,15,3,0.9851525991738758,0.32838419972462524,"[4, 16, 3, 4, 13, 21, 10, 3, 1, 1, 1, 18, 6, 9, 4]",36
272,271,13,16,2,0.6508192658405425,0.32540963292027125,"[4, 16, 3, 4, 13, 21, 10, 3, 1, 1, 1, 18, 6, 9, 4, 13]",38
273,257,13,2,18,6.481836978027333,0.3601020543348519,"[4, 13]",5
274,273,1,3,15,5.26390969607799,0.350927313071866,"[4, 13, 1]",7
275,274,1,4,14,4.922500605168899,0.3516071860834928,"[4, 13, 1, 1]",9
276,275,1,5,13,4.549318252227724,0.34994755786367104,"[4, 13, 1, 1, 1]",11
277,276,18,6,12,4.161684918894391,0.3468070765745326,"[4, 13, 1, 1, 1, 18]",14
278,277,9,7,11,3.8197758279852994,0.34725234799866356,"[4, 13, 1, 1, 1, 18, 9]",17
279,278,18,8,10,3.479856780366252,0.34798567803662517,"[4, 13, 1, 1, 1, 18, 9, 18]",20
280,279,8,9,9,3.1527698238445123,0.3503077582049458,"[4, 13, 1, 1, 1, 18, 9, 18, 8]",23
281,280,3,10,8,2.8234317286064172,0.35292896607580215,"[4, 13, 1, 1, 1, 18, 9, 18, 8, 3]",25
282,281,4,11,7,2.493864605318746,0.3562663721883923,"[4, 13, 1, 1, 1, 18, 9, 18, 8, 3, 4]",27
283,282,13,12,6,2.120249916053209,0.3533749860088682,"[4, 13, 1, 1, 1, 18, 9, 18, 8, 3, 4, 13]",29
284,283,11,13,5,1.785916582719876,0.35718331654397517,"[4, 13, 1, 1, 1, 18, 9, 18, 8, 3, 4, 13, 11]",32
285,284,19,14,4,1.3982832493865427,0.3495708123466357,"[4, 13, 1, 1, 1, 18, 9, 18, 8, 3, 4, 13, 11, 19]",35
286,285,10,15,3,1.0182395712256231,0.33941319040854107,"[4, 13, 1, 1, 1, 18, 9, 18, 8, 3, 4, 13, 11, 19, 10]",37
287,286,16,16,2,0.6724119850187266,0.3362059925093633,"[4, 13, 1, 1, 1, 18, 9, 18, 8, 3, 4, 13, 11, 19, 10, 16]",39
288,287,2,17,1,0.33807865168539325,0.33807865168539325,"[4, 13, 1, 1, 1, 18, 9, 18, 8, 3, 4, 13, 11, 19, 10, 16, 2]",41
289,272,18,17,1,0.3201489361702128,0.3201489361702128,"[4, 16, 3, 4, 13, 21, 10, 3, 1, 1, 1, 18, 6, 9, 4, 13, 18]",41
290,273,9,3,2,0.6806085827623511,0.34030429138117557,"[4, 13, 9]",8
291,258,2,3,1,0.38763333333333333,0.38763333333333333,"[4, 16, 2]",7
292,290,18,4,1,0.34095886524822694,0.34095886524822694,"[4, 13, 9, 18]",11
293,257,12,2,13,4.350390238442761,0.3346454029571354,"[4, 12]",5
294,293,8,3,12,4.000025981414648,0.3333354984512207,"[4, 12, 8]",8
295,251,18,3,11,3.7273987756781,0.33885443415255456,"[2, 3, 18]",8
296,101,1,2,11,3.7947542189404917,0.3449776562673174,"[1, 1]",4
297,1,18,2,12,4.369356580725687,0.36411304839380726,"[5, 18]",6
298,253,4,3,12,4.310103867570396,0.35917532229753296,"[13, 11, 4]",8
299,294,3,4,11,3.624525981414648,0.32950236194678617,"[4, 12, 8, 3]",10
300,37,6,2,11,3.885331759950691,0.3532119781773356,"[12, 6]",5
301,197,10,2,11,3.9552553893316227,0.35956867175742024,"[19, 10]",5
302,295,6,4,10,3.372193399334014,0.3372193399334014,"[2, 3, 18, 6]",10
303,256,9,4,10,3.3617522393948835,0.33617522393948834,"[11, 18, 6, 9]",11
304,297,6,3,11,3.969023247392353,0.3608202952174866,"[5, 18, 6]",8
305,296,1,3,10,3.4514970760833488,0.34514970760833485,"[1, 1, 1]",6
306,298,3,4,11,3.9347038675703954,0.3577003515973087,"[13, 11, 4, 3]",11
307,299,18,5,10,3.3002632363166087,0.33002632363166085,"[4, 12, 8, 3, 18]",13
308,301,16,3,10,3.5800553893316227,0.3580055389331623,"[19, 10, 16]",7
309,300,8,3,10,3.5382779137968448,0.35382779137968445,"[12, 6, 8]",8
310,302,6,5,9,3.028894312576023,0.336543812508447,"[2, 3, 18, 6, 6]",12
311,303,1,5,9,3.0274855727282173,0.3363872858586908,"[11, 18, 6, 9, 1]",13
312,306,4,5,10,3.549421816288344,0.3549421816288344,"[13, 11, 4, 3, 4]",14
313,304,6,4,10,3.617473896743002,0.3617473896743002,"[5, 18, 6, 6]",10
314,305,4,4,9,3.1128259049121776,0.345869544990242,"[1, 1, 1, 4]",9
315,308,12,4,9,3.162888722664956,0.35143208029610623,"[19, 10, 16, 12]",10
316,307,6,6,9,2.9659299029832753,0.3295477669981417,"[4, 12, 8, 3, 18, 6]",15
317,309,2,4,9,3.1927836609232814,0.3547537401025868,"[12, 6, 8, 2]",10
318,310,6,6,8,2.66574213866298,0.3332177673328725,"[2, 3, 18, 6, 6, 6]",14
319,312,16,6,9,3.1738218162883443,0.3526468684764827,"[13, 11, 4, 3, 4, 16]",16
320,313,8,5,9,3.2619018537322493,0.36243353930358324,"[5, 18, 6, 6, 8]",12
321,311,1,6,8,2.693152239394884,0.3366440299243605,"[11, 18, 6, 9, 1, 1]",15
322,314,16,5,8,2.7370259049121777,0.3421282381140222,"[1, 1, 1, 4, 16]",11
323,315,8,5,8,2.8073166796542033,0.3509145849567754,"[19, 10, 16, 12, 8]",13
324,317,12,5,8,2.8060854153092465,0.3507606769136558,"[12, 6, 8, 2, 12]",13
325,0,7,1,50,18.019358199126938,0.3603871639825387,[7],2
326,325,4,2,17,5.981720030706792,0.35186588415922304,"[7, 4]",4
327,326,12,3,15,5.210749660336421,0.3473833106890947,"[7, 4, 12]",7
328,327,6,4,14,4.844903628590389,0.3460645448993135,"[7, 4, 12, 6]",9
329,328,8,5,13,4.484761961923723,0.3449816893787479,"[7, 4, 12, 6, 8]",12
330,329,3,6,12,4.125770603899031,0.34381421699158593,"[7, 4, 12, 6, 8, 3]",14
331,330,4,7,11,3.7720294274284423,0.3429117661298584,"[7, 4, 12, 6, 8, 3, 4]",16
332,331,13,8,10,3.4204855677793193,0.34204855677793194,"[7, 4, 12, 6, 8, 3, 4, 13]",17
333,332,21,9,9,3.078576476870229,0.342064052985581,"[7, 4, 12, 6, 8, 3, 4, 13, 21]",19
334,333,9,10,8,2.7324885980823503,0.3415610747602938,"[7, 4, 12, 6, 8, 3, 4, 13, 21, 9]",22
335,334,4,11,7,2.398155264749017,0.34259360924985954,"[7, 4, 12, 6, 8, 3, 4, 13, 21, 9, 4]",25
336,335,13,12,6,2.0466059140996666,0.3411009856832778,"[7, 4, 12, 6, 8, 3, 4, 13, 21, 9, 4, 13]",27
337,336,6,13,5,1.700518035311788,0.3401036070623576,"[7, 4, 12, 6, 8, 3, 4, 13, 21, 9, 4, 13, 6]",29
338,337,6,14,4,1.3661847019784545,0.34154617549461364,"[7, 4, 12, 6, 8, 3, 4, 13, 21, 9, 4, 13, 6, 6]",31
339,338,6,15,3,1.0237879540109747,0.3412626513369916,"[7, 4, 12, 6, 8, 3, 4, 13, 21, 9, 4, 13, 6, 6, 6]",33
340,339,8,16,2,0.6857093023255814,0.3428546511627907,"[7, 4, 12, 6, 8, 3, 4, 13, 21, 9, 4, 13, 6, 6, 6, 8]",35
341,325,20,2,18,6.64314690713851,0.36906371706325053,"[7, 20]",5
342,341,12,3,15,5.480659510609071,0.36537730070727137,"[7, 20, 12]",7
343,342,8,4,14,5.099912675166033,0.3642794767975738,"[7, 20, 12, 8]",10
344,343,3,5,13,4.640846008499366,0.35698815449995125,"[7, 20, 12, 8, 3]",12
345,344,1,6,12,4.279946008499366,0.3566621673749472,"[7, 20, 12, 8, 3, 1]",14
346,345,1,7,11,3.9175002253668367,0.3561363841242579,"[7, 20, 12, 8, 3, 1, 1]",16
347,346,1,8,10,3.475955592598475,0.34759555925984753,"[7, 20, 12, 8, 3, 1, 1, 1]",18
348,347,4,9,9,3.121342772085655,0.34681586356507277,"[7, 20, 12, 8, 3, 1, 1, 1, 4]",20
349,348,3,10,8,2.7544891135490692,0.34431113919363365,"[7, 20, 12, 8, 3, 1, 1, 1, 4, 3]",23
350,349,4,11,7,2.3887242486842046,0.34124632124060067,"[7, 20, 12, 8, 3, 1, 1, 1, 4, 3, 4]",26
351,350,2,12,6,2.0411909153508705,0.34019848589181173,"[7, 20, 12, 8, 3, 1, 1, 1, 4, 3, 4, 2]",28
352,351,16,13,5,1.6936575820175375,0.3387315164035075,"[7, 20, 12, 8, 3, 1, 1, 1, 4, 3, 4, 2, 16]",30
353,352,2,14,4,1.3593575820175376,0.3398393955043844,"[7, 20, 12, 8, 3, 1, 1, 1, 4, 3, 4, 2, 16, 2]",32
354,353,16,15,3,1.0209575820175376,0.34031919400584587,"[7, 20, 12, 8, 3, 1, 1, 1, 4, 3, 4, 2, 16, 2, 16]",34
355,354,2,16,2,0.6751299958106409,0.33756499790532046,"[7, 20, 12, 8, 3, 1, 1, 1, 4, 3, 4, 2, 16, 2, 16, 2]",36
356,355,3,17,1,0.3235806451612903,0.3235806451612903,"[7, 20, 12, 8, 3, 1, 1, 1, 4, 3, 4, 2, 16, 2, 16, 2, 3]",39
357,340,16,17,1,0.34753333333333336,0.34753333333333336,"[7, 4, 12, 6, 8, 3, 4, 13, 21, 9, 4, 13, 6, 6, 6, 8, 16]",37
358,341,16,3,2,0.7749906223358909,0.38749531116794544,"[7, 20, 16]",6
359,326,13,3,1,0.4002666666666667,0.4002666666666667,"[7, 4, 13]",6
360,358,16,4,1,0.392204347826087,0.392204347826087,"[7, 20, 16, 16]",8
361,325,10,2,14,5.019291261281639,0.3585208043772599,"[7, 10]",4
362,361,2,3,13,4.630169039059416,0.35616684915841657,"[7, 10, 2]",6
363,362,12,4,12,4.23370237239275,0.35280853103272913,"[7, 10, 2, 12]",9
364,363,9,5,11,3.8797611959221614,0.35270556326565106,"[7, 10, 2, 12, 9]",12
365,364,1,6,10,3.512727862588828,0.3512727862588828,"[7, 10, 2, 12, 9, 1]",14
366,365,4,7,9,3.1547516721126376,0.35052796356807087,"[7, 10, 2, 12, 9, 1, 4]",16
367,316,6,7,8,2.6267350311884035,0.32834187889855043,"[4, 12, 8, 3, 18, 6, 6]",17
368,366,2,8,8,2.795627772741568,0.349453471592696,"[7, 10, 2, 12, 9, 1, 4, 2]",18
369,319,12,7,8,2.825462395998489,0.35318279949981113,"[13, 11, 4, 3, 4, 16, 12]",19
370,318,6,7,7,2.3233453906954997,0.33190648438507137,"[2, 3, 18, 6, 6, 6, 6]",16
371,320,2,6,8,2.911201853732249,0.36390023171653113,"[5, 18, 6, 6, 8, 2]",14
372,321,18,7,7,2.353742561975529,0.33624893742507556,"[11, 18, 6, 9, 1, 1, 18]",18
373,322,16,6,7,2.3854820452630547,0.3407831493232935,"[1, 1, 1, 4, 16, 16]",13
374,323,16,6,7,2.4651735423993015,0.35216764891418595,"[19, 10, 16, 12, 8, 16]",15
375,324,8,6,7,2.4523442388386583,0.3503348912626655,"[12, 6, 8, 2, 12, 8]",16
376,368,13,9,7,2.398701357647229,0.3426716225210327,"[7, 10, 2, 12, 9, 1, 4, 2, 13]",19
377,367,8,8,7,2.2996480746666643,0.3285211535238092,"[4, 12, 8, 3, 18, 6, 6, 8]",20
378,370,6,8,6,1.9735081813931745,0.32891803023219573,"[2, 3, 18, 6, 6, 6, 6, 6]",18
379,369,9,8,7,2.487383744313096,0.35534053490187084,"[13, 11, 4, 3, 4, 16, 12, 9]",22
380,371,13,7,7,2.566239558650282,0.36660565123575456,"[5, 18, 6, 6, 8, 2, 13]",16
381,373,16,7,6,2.0255743529553625,0.3375957254925604,"[1, 1, 1, 4, 16, 16, 16]",15
382,372,8,8,6,2.0255230217456437,0.3375871702909406,"[11, 18, 6, 9, 1, 1, 18, 8]",20
383,374,2,7,6,2.098319883862716,0.349719980643786,"[19, 10, 16, 12, 8, 16, 2]",17
384,376,18,10,6,2.037156913202784,0.339526152200464,"[7, 10, 2, 12, 9, 1, 4, 2, 13, 18]",22
385,375,2,7,6,2.107860905505325,0.3513101509175542,"[12, 6, 8, 2, 12, 8, 2]",18
386,377,12,9,6,1.972561118144925,0.3287601863574875,"[4, 12, 8, 3, 18, 6, 6, 8, 12]",23
387,378,9,9,5,1.6391748480598411,0.32783496961196823,"[2, 3, 18, 6, 6, 6, 6, 6, 9]",21
388,379,18,9,6,2.1447115924143616,0.3574519320690603,"[13, 11, 4, 3, 4, 16, 12, 9, 18]",25
389,380,7,8,6,2.2096073552604514,0.3682678925434086,"[5, 18, 6, 6, 8, 2, 13, 7]",18
390,381,12,8,5,1.6740304933062398,0.33480609866124794,"[1, 1, 1, 4, 16, 16, 16, 12]",18
391,382,2,9,5,1.6833798844907415,0.3366759768981483,"[11, 18, 6, 9, 1, 1, 18, 8, 2]",22
392,383,12,8,5,1.7584008362436685,0.3516801672487337,"[19, 10, 16, 12, 8, 16, 2, 12]",19
393,384,6,11,5,1.6983287441886998,0.33966574883774,"[7, 10, 2, 12, 9, 1, 4, 2, 13, 18, 6]",24
394,385,13,8,5,1.7603275721719918,0.3520655144343984,"[12, 6, 8, 2, 12, 8, 2, 13]",20
395,389,20,9,5,1.7692467491998454,0.3538493498399691,"[5, 18, 6, 6, 8, 2, 13, 7, 20]",21
396,386,8,10,5,1.6179359148928922,0.32358718297857847,"[4, 12, 8, 3, 18, 6, 6, 8, 12, 8]",26
397,388,6,10,5,1.7776477426491035,0.3555295485298207,"[13, 11, 4, 3, 4, 16, 12, 9, 18, 6]",27
398,387,1,10,4,1.3048415147265078,0.32621037868162694,"[2, 3, 18, 6, 6, 6, 6, 6, 9, 1]",23
399,390,8,9,4,1.3396971599729064,0.3349242899932266,"[1, 1, 1, 4, 16, 16, 16, 12, 8]",21
400,391,16,10,4,1.3443779237064277,0.33609448092660693,"[11, 18, 6, 9, 1, 1, 18, 8, 2, 16]",24
401,0,20,1,51,18.43285225723217,0.36142847563200337,[20],3
402,401,15,2,17,6.044371375260233,0.355551257368249,"[20, 15]",6
403,402,9,3,15,5.2243227109164465,0.3482881807277631,"[20, 15, 9]",7
404,403,18,4,14,4.8574690523798605,0.34696207516999006,"[20, 15, 9, 18]",10
405,404,6,5,13,4.425601236287906,0.34043086432983893,"[20, 15, 9, 18, 6]",12
406,405,9,6,12,4.063623458510128,0.3386352882091774,"[20, 15, 9, 18, 6, 9]",15
407,406,18,7,11,3.7126901251767954,0.3375172841069814,"[20, 15, 9, 18, 6, 9, 18]",18
408,407,6,8,10,3.3664853632720337,0.3366485363272034,"[20, 15, 9, 18, 6, 9, 18, 6]",20
409,408,6,9,9,3.0206577770651375,0.3356286418961264,"[20, 15, 9, 18, 6, 9, 18, 6, 6]",22
410,409,6,10,8,2.658211993932607,0.3322764992415759,"[20, 15, 9, 18, 6, 9, 18, 6, 6, 6]",24
411,410,8,11,7,2.3083747846302813,0.32976782637575447,"[20, 15, 9, 18, 6, 9, 18, 6, 6, 6, 8]",26
412,411,3,12,6,1.9625471984233849,0.32709119973723083,"[20, 15, 9, 18, 6, 9, 18, 6, 6, 6, 8, 3]",29
413,412,4,13,5,1.6389665532620945,0.3277933106524189,"[20, 15, 9, 18, 6, 9, 18, 6, 6, 6, 8, 3, 4]",32
414,413,2,14,4,1.3089859625447948,0.3272464906361987,"[20, 15, 9, 18, 6, 9, 18, 6, 6, 6, 8, 3, 4, 2]",34
415,414,16,15,3,0.9708099935525468,0.3236033311841823,"[20, 15, 9, 18, 6, 9, 18, 6, 6, 6, 8, 3, 4, 2, 16]",36
416,415,13,16,2,0.650661057382334,0.325330528691167,"[20, 15, 9, 18, 6, 9, 18, 6, 6, 6, 8, 3, 4, 2, 16, 13]",38
417,401,16,2,18,6.722062590075515,0.37344792167086194,"[20, 16]",4
418,417,16,3,15,5.58117033671484,0.37207802244765603,"[20, 16, 16]",6
419,418,16,4,14,5.219625892270395,0.3728304208764568,"[20, 16, 16, 16]",8
420,419,16,5,13,4.836839617760592,0.37206458598158404,"[20, 16, 16, 16, 16]",10
421,420,12,6,12,4.4762396177605925,0.37301996814671606,"[20, 16, 16, 16, 16, 12]",13
422,421,6,7,11,4.12870628442726,0.3753369349479327,"[20, 16, 16, 16, 16, 12, 6]",15
423,422,8,8,10,3.769697329203379,0.3769697329203379,"[20, 16, 16, 16, 16, 12, 6, 8]",18
424,423,16,9,9,3.4028436706667935,0.3780937411851993,"[20, 16, 16, 16, 16, 12, 6, 8, 16]",20
425,424,13,10,8,3.0359900121302084,0.37949875151627604,"[20, 16, 16, 16, 16, 12, 6, 8, 16, 13]",22
426,425,6,11,7,2.6889361659763624,0.3841337379966232,"[20, 16, 16, 16, 16, 12, 6, 8, 16, 13, 6]",24
427,426,6,12,6,2.305716558133225,0.3842860930222041,"[20, 16, 16, 16, 16, 12, 6, 8, 16, 13, 6, 6]",26
428,427,6,13,5,1.835966558133225,0.367193311626645,"[20, 16, 16, 16, 16, 12, 6, 8, 16, 13, 6, 6, 6]",28
429,428,6,14,4,1.4659357889024554,0.36648394722561384,"[20, 16, 16, 16, 16, 12, 6, 8, 16, 13, 6, 6, 6, 6]",30
430,429,8,15,3,1.1193234432234431,0.3731078144078144,"[20, 16, 16, 16, 16, 12, 6, 8, 16, 13, 6, 6, 6, 6, 8]",32
431,430,2,16,2,0.7465619047619048,0.3732809523809524,"[20, 16, 16, 16, 16, 12, 6, 8, 16, 13, 6, 6, 6, 6, 8, 2]",34
432,431,13,17,1,0.37229523809523807,0.37229523809523807,"[20, 16, 16, 16, 16, 12, 6, 8, 16, 13, 6, 6, 6, 6, 8, 2, 13]",36
433,416,18,17,1,0.3201489361702128,0.3201489361702128,"[20, 15, 9, 18, 6, 9, 18, 6, 6, 6, 8, 3, 4, 2, 16, 13, 18]",41
434,417,13,3,2,0.7591398724082935,0.37956993620414675,"[20, 16, 13]",6
435,402,7,3,1,0.39077723577235773,0.39077723577235773,"[20, 15, 7]",8
436,434,21,4,1,0.39523684210526316,0.39523684210526316,"[20, 16, 13, 21]",8
437,401,3,2,15,5.273194482372606,0.3515462988248404,"[20, 3]",4
438,437,4,3,14,4.92272781570594,0.35162341540756714,"[20, 3, 4]",6
439,438,12,4,13,4.537779097757221,0.34905993059670937,"[20, 3, 4, 12]",9
440,439,8,5,12,4.179636240614364,0.348303020051197,"[20, 3, 4, 12, 8]",12
441,440,16,6,11,3.7848301800083037,0.3440754709098458,"[20, 3, 4, 12, 8, 16]",14
442,441,12,7,10,3.437324737831433,0.3437324737831433,"[20, 3, 4, 12, 8, 16, 12]",16
443,442,9,8,9,3.0874875285291075,0.3430541698365675,"[20, 3, 4, 12, 8, 16, 12, 9]",19
444,443,4,9,8,2.745578437620016,0.343197304702502,"[20, 3, 4, 12, 8, 16, 12, 9, 4]",22
445,444,13,10,7,2.388547387391706,0.34122105534167224,"[20, 3, 4, 12, 8, 16, 12, 9, 4, 13]",24
446,445,21,11,6,2.049137709972351,0.34152295166205854,"[20, 3, 4, 12, 8, 16, 12, 9, 4, 13, 21]",26
447,392,9,9,4,1.3824008362436686,0.34560020906091715,"[19, 10, 16, 12, 8, 16, 2, 12, 9]",22
448,446,11,12,5,1.7033101237654544,0.3406620247530909,"[20, 3, 4, 12, 8, 16, 12, 9, 4, 13, 21, 11]",29
449,393,8,12,4,1.3525011579818031,0.3381252894954508,"[7, 10, 2, 12, 9, 1, 4, 2, 13, 18, 6, 8]",26
450,394,11,9,4,1.408778221522641,0.35219455538066025,"[12, 6, 8, 2, 12, 8, 2, 13, 11]",23
451,395,12,10,4,1.4068009660673153,0.3517002415168288,"[5, 18, 6, 6, 8, 2, 13, 7, 20, 12]",23
452,397,8,11,4,1.3969009072060654,0.34922522680151635,"[13, 11, 4, 3, 4, 16, 12, 9, 18, 6, 8]",30
453,396,3,11,4,1.2796531839691974,0.31991329599229934,"[4, 12, 8, 3, 18, 6, 6, 8, 12, 8, 3]",28
454,398,18,11,3,0.9777545582047686,0.32591818606825623,"[2, 3, 18, 6, 6, 6, 6, 6, 9, 1, 18]",26
455,399,12,10,3,1.0014144290492117,0.3338048096830706,"[1, 1, 1, 4, 16, 16, 16, 12, 8, 12]",24
456,448,12,13,4,1.3388737601290908,0.3347184400322727,"[20, 3, 4, 12, 8, 16, 12, 9, 4, 13, 21, 11, 12]",30
457,400,3,11,3,1.0017057718076936,0.33390192393589785,"[11, 18, 6, 9, 1, 1, 18, 8, 2, 16, 3]",27
458,447,4,10,3,1.0262376783489315,0.34207922611631053,"[19, 10, 16, 12, 8, 16, 2, 12, 9, 4]",25
459,450,19,10,3,1.0521460181328104,0.35071533937760346,"[12, 6, 8, 2, 12, 8, 2, 13, 11, 19]",26
460,449,13,13,3,1.0181678246484698,0.3393892748828233,"[7, 10, 2, 12, 9, 1, 4, 2, 13, 18, 6, 8, 13]",28
461,451,9,11,3,1.055867632733982,0.351955877577994,"[5, 18, 6, 6, 8, 2, 13, 7, 20, 12, 9]",26
462,452,13,12,3,1.0586181762823708,0.3528727254274569,"[13, 11, 4, 3, 4, 16, 12, 9, 18, 6, 8, 13]",32
463,453,18,12,3,0.9489828542988679,0.3163276180996226,"[4, 12, 8, 3, 18, 6, 6, 8, 12, 8, 3, 18]",31
464,454,6,12,2,0.6506676016830295,0.32533380084151475,"[2, 3, 18, 6, 6, 6, 6, 6, 9, 1, 18, 6]",28
465,456,9,14,3,0.9873244094797401,0.3291081364932467,"[20, 3, 4, 12, 8, 16, 12, 9, 4, 13, 21, 11, 12, 9]",33
466,455,9,11,2,0.670744099378882,0.335372049689441,"[1, 1, 1, 4, 16, 16, 16, 12, 8, 12, 9]",27
467,457,18,12,2,0.6781251266464032,0.3390625633232016,"[11, 18, 6, 9, 1, 1, 18, 8, 2, 16, 3, 18]",30
468,458,3,11,2,0.6955673486786019,0.34778367433930096,"[19, 10, 16, 12, 8, 16, 2, 12, 9, 4, 3]",28
469,460,9,14,2,0.6706344913151365,0.33531724565756826,"[7, 10, 2, 12, 9, 1, 4, 2, 13, 18, 6, 8, 13, 9]",31
470,461,1,12,2,0.7103733798604188,0.3551866899302094,"[5, 18, 6, 6, 8, 2, 13, 7, 20, 12, 9, 1]",28
471,459,11,11,2,0.7119233766233766,0.3559616883116883,"[12, 6, 8, 2, 12, 8, 2, 13, 11, 19, 11]",29
472,462,20,13,2,0.7046769998117824,0.3523384999058912,"[13, 11, 4, 3, 4, 16, 12, 9, 18, 6, 8, 13, 20]",35
473,463,9,13,2,0.6369384098544233,0.31846920492721165,"[4, 12, 8, 3, 18, 6, 6, 8, 12, 8, 3, 18, 9]",34
474,465,4,15,2,0.6566540798094105,0.32832703990470524,"[20, 3, 4, 12, 8, 16, 12, 9, 4, 13, 21, 11, 12, 9, 4]",36
475,464,9,13,1,0.3235806451612903,0.3235806451612903,"[2, 3, 18, 6, 6, 6, 6, 6, 9, 1, 18, 6, 9]",31
476,468,1,12,1,0.32708695652173914,0.32708695652173914,"[19, 10, 16, 12, 8, 16, 2, 12, 9, 4, 3, 1]",30
477,467,6,13,1,0.3201489361702128,0.3201489361702128,"[11, 18, 6, 9, 1, 1, 18, 8, 2, 16, 3, 18, 6]",32
478,466,4,12,1,0.3436571428571428,0.3436571428571428,"[1, 1, 1, 4, 16, 16, 16, 12, 8, 12, 9, 4]",29
479,470,4,13,1,0.35663220338983054,0.35663220338983054,"[5, 18, 6, 6, 8, 2, 13, 7, 20, 12, 9, 1, 4]",30
480,469,4,15,1,0.34705384615384616,0.34705384615384616,"[7, 10, 2, 12, 9, 1, 4, 2, 13, 18, 6, 8, 13, 9, 4]",34
481,472,9,14,1,0.32708695652173914,0.32708695652173914,"[13, 11, 4, 3, 4, 16, 12, 9, 18, 6, 8, 13, 20, 9]",38
482,471,13,12,1,0.3775900432900433,0.3775900432900433,"[12, 6, 8, 2, 12, 8, 2, 13, 11, 19, 11, 13]",30
483,473,1,14,1,0.31678947368421057,0.31678947368421057,"[4, 12, 8, 3, 18, 6, 6, 8, 12, 8, 3, 18, 9, 1]",36
484,474,12,16,1,0.32708695652173914,0.32708695652173914,"[20, 3, 4, 12, 8, 16, 12, 9, 4, 13, 21, 11, 12, 9, 4, 12]",38
485,0,16,1,16,5.618353270828303,0.3511470794267689,[16],2
486,485,2,2,15,5.259361912803612,0.3506241275202408,"[16, 2]",4
487,486,16,3,14,4.920167041008741,0.35144050292919576,"[16, 2, 16]",6
488,487,16,4,13,4.549130003971703,0.3499330772285925,"[16, 2, 16, 16]",8
489,488,3,5,12,4.182776345435118,0.3485646954529265,"[16, 2, 16, 16, 3]",11
490,489,1,6,11,3.836948759228221,0.34881352356620193,"[16, 2, 16, 16, 3, 1]",13
491,490,1,7,10,3.4813767162174694,0.3481376716217469,"[16, 2, 16, 16, 3, 1, 1]",15
492,491,1,8,9,3.1055767162174694,0.34506407957971885,"[16, 2, 16, 16, 3, 1, 1, 1]",17
493,492,18,9,8,2.76152646746125,0.34519080843265626,"[16, 2, 16, 16, 3, 1, 1, 1, 18]",20
494,493,6,10,7,2.4271931341279167,0.3467418763039881,"[16, 2, 16, 16, 3, 1, 1, 1, 18, 6]",22
495,494,6,11,6,2.0690502769850596,0.34484171283084325,"[16, 2, 16, 16, 3, 1, 1, 1, 18, 6, 6]",24
496,495,8,12,5,1.7271411860759687,0.3454282372151937,"[16, 2, 16, 16, 3, 1, 1, 1, 18, 6, 6, 8]",26
497,496,3,13,4,1.3342826275174102,0.33357065687935256,"[16, 2, 16, 16, 3, 1, 1, 1, 18, 6, 6, 8, 3]",29
498,497,1,14,3,0.9999492941840769,0.3333164313946923,"[16, 2, 16, 16, 3, 1, 1, 1, 18, 6, 6, 8, 3, 1]",31
499,498,1,15,2,0.6728623376623377,0.33643116883116886,"[16, 2, 16, 16, 3, 1, 1, 1, 18, 6, 6, 8, 3, 1, 1]",33
500,499,18,16,1,0.33852900432900435,0.33852900432900435,"[16, 2, 16, 16, 3, 1, 1, 1, 18, 6, 6, 8, 3, 1, 1, 18]",36
