epoch,gap_brier,gap_correct,gap_cross_entropy,gap_loss,train_brier,train_correct,train_cross_entropy,train_loss,validation_brier,validation_correct,validation_cross_entropy,validation_loss
1,-0.20501710556648217,0.18263019834193506,-0.5381778643619386,-0.554305709157825,0.40190304458163323,0.6842018942966092,0.9185312451694161,0.9537745708371104,0.19688593901515106,0.8668320926385442,0.38035338080747744,0.3994688616792854
2,-0.05846746426076771,0.041421770740249775,-0.11390963948589594,-0.11997371536228002,0.16972302040362047,0.8855426626757965,0.33338691372826235,0.35020674085396136,0.11125555614285276,0.9269644334160463,0.2194772742423664,0.23023302549168134
3,-0.028804568635696526,0.020835829831622465,-0.0578312060673174,-0.06090443353807415,0.12070963329345842,0.9189491164049367,0.23710322037917808,0.2487563726289954,0.0919050646577619,0.9397849462365592,0.17927201431186068,0.18785193909092124
4,-0.028419980841991016,0.019336852391217296,-0.054527303002919664,-0.057146160370376314,0.09319576747650404,0.9393066546393866,0.18414063735262212,0.19317972144429166,0.06477578663451303,0.9586435070306039,0.12961333434970246,0.13603356107391534
5,-0.01983586726212859,0.014144307215747332,-0.03950923213028676,-0.041703109288286244,0.06977668855145455,0.9545901840993891,0.13930310657863232,0.14637208283356895,0.04994082128932596,0.9687344913151364,0.09979387444834556,0.1046689735452827
6,-0.010277669267794387,0.006468519059070865,-0.020830379367989163,-0.022428374375106183,0.05259586053432755,0.9660707696092501,0.10673365431193804,0.1122331424838559,0.04231819126653316,0.972539288668321,0.08590327494394888,0.08980476810874971
7,-0.010235713768609343,0.007435775006163103,-0.017570591172807987,-0.01894403064084886,0.04245333877397879,0.9727131083685268,0.08646363544774,0.09104269293896303,0.03221762500536945,0.9801488833746899,0.06889304427493201,0.07209866229811417
8,-0.006812363395003705,0.005536320069445155,-0.011974954650343497,-0.012904169850905284,0.03437052781617379,0.9778383697568576,0.06975858746517838,0.07343961371042369,0.027558164421170088,0.9833746898263027,0.05778363281483488,0.06053544385951841
9,5.1741502108425264e-05,-5.6266806745308706e-05,0.0007639670317558939,0.00038485242661853714,0.028802013302656256,0.9815285579564558,0.059433005827849966,0.0625452374680852,0.02885375480476468,0.9814722911497105,0.06019697285960586,0.06293008989470374
10,0.00612357900333246,-0.004023273383799486,0.013902004502794593,0.013998453161112527,0.026299518162423475,0.983096887941285,0.05324363548549489,0.056070686004347704,0.032423097165755935,0.9790736145574855,0.06714563998828948,0.07006913916546023
11,-0.00037505359720758566,0.0004991148262374345,0.002312354462473673,0.0020434066962254985,0.023784299760291346,0.9847779736766575,0.04797257364559652,0.05049254272071995,0.02340924616308376,0.985277088502895,0.05028492810807019,0.05253594941694545
12,-0.002404207983422439,0.002227636148732226,2.810707202464957e-05,-0.00037502149817249947,0.021075133311641972,0.9861925458198368,0.04268875778618933,0.044915782511258724,0.018670925328219533,0.9884201819685691,0.04271686485821398,0.044540761013086225
13,8.028870739998015e-05,0.0004405011669657011,0.002782923488145503,0.0026680216316076755,0.019162361860522944,0.9875661158719095,0.03918053191391186,0.04123318256849486,0.019242650567922924,0.9880066170388752,0.04196345540205736,0.04390120420010254
14,0.00232423773895489,-0.001091079549109919,0.008965833498842904,0.009005568983986578,0.017631006805782428,0.9886014186723523,0.03547047768465594,0.03737664231018959,0.019955244544737318,0.9875103391232424,0.04443631118349885,0.04638221129417617
15,0.004194794182773378,-0.001306340527419847,0.014314261171889088,0.014533115799788929,0.017278470810791077,0.9888166796506622,0.03437608721965761,0.036171308003662014,0.021473264993564455,0.9875103391232424,0.0486903483915467,0.05070442380345094
16,0.001603326761205972,-0.0003777415146105634,0.009722381973696965,0.009743063788560671,0.015883940248474733,0.9897904793144451,0.0315111593072463,0.03323124929220618,0.017487267009680705,0.9894127377998345,0.04123354128094327,0.04297431308076685
17,0.0033497285514261163,-0.0013017061719610146,0.01244026585316502,0.012448295705862852,0.014606291233707078,0.990549017999918,0.028860950869306425,0.03045685681265812,0.017956019785133195,0.989247311827957,0.041301216722471445,0.04290515251852097
18,0.0011166916417655656,0.00020762862049050756,0.010232319405499759,0.010181153493180078,0.014139535537748825,0.9905285169543647,0.027437874750925014,0.02892076951804478,0.01525622717951439,0.9907361455748552,0.03767019415642477,0.03910192301122486
19,0.0029591526593891436,-0.0011585261237073707,0.012723086516199574,0.012806559441402028,0.013037714681178491,0.9915638197548075,0.026033881702531948,0.027448082696958816,0.015996867340567635,0.9904052936311001,0.03875696821873152,0.040254642138360844
20,0.0028899840511626244,-0.0011482756009307815,0.010525883195818122,0.010642671674368213,0.012957811207013493,0.9915535692320309,0.02554536404867443,0.02690263695535282,0.015847795258176117,0.9904052936311001,0.03607124724449255,0.03754530862972103
21,0.00854126832778255,-0.004306199682354239,0.025216808824945296,0.02577006512470168,0.011932545040983759,0.9922301037352905,0.023885358716799792,0.025170266706761833,0.02047381336876631,0.9879239040529363,0.04910216754174509,0.050940331831463515
22,0.004994148232262538,-0.0028138219168284406,0.012753070839715986,0.013049208732767922,0.011243088884959123,0.992640124646357,0.022035927930692156,0.02323414903589134,0.01623723711722166,0.9898263027295285,0.03478899877040814,0.03628335776865926
23,0.0054940747817539114,-0.0026250596844954455,0.01730250274585067,0.017696608763487286,0.011088762461863669,0.9929476403296568,0.02166029824599018,0.022841647952363372,0.01658283724361758,0.9903225806451613,0.03896280099184085,0.04053825671585066
24,0.0032430967870612382,-0.0014356175092969936,0.013858857197950252,0.014056661768352963,0.0108909891405583,0.9929988929435402,0.02157167866163909,0.022717724467023484,0.014134085927619538,0.9915632754342432,0.03543053585958934,0.03677438623537645
25,0.006958757107788888,-0.003382180762517506,0.022662057654552998,0.02331910774800355,0.009633655898296036,0.9938701873795563,0.01934808017693265,0.020405662354926777,0.016592413006084925,0.9904880066170388,0.04201013783148565,0.04372477010293033
26,0.005935719051442584,-0.0027402691168350035,0.022555644764951237,0.023186465406216435,0.00933099226859914,0.993972692607323,0.018109432618627127,0.019096058742850423,0.015266711320041723,0.991232423490488,0.040665077383578364,0.04228252414906686
27,0.004977744802211205,-0.0025550509031295743,0.018190641788443176,0.018698334356875398,0.009535734938594425,0.9938701873795563,0.018800652289789898,0.01981104195429244,0.01451347974080563,0.9913151364764268,0.036991294078233074,0.03850937631116784
28,0.006311746619408689,-0.0037943280847605454,0.018583965530694507,0.018957166600644962,0.009109753670656457,0.994034195743983,0.017682232516303954,0.01864922384173686,0.015421500290065147,0.9902398676592225,0.03626619804699846,0.03760639044238182
29,0.004898667506091449,-0.002315744860638791,0.01775125335738297,0.018062625317068443,0.009079210555157403,0.9940444462667596,0.017871835029759347,0.01887596642792572,0.013977878061248852,0.9917287014061208,0.035623088387142315,0.03693859174499416
30,0.00837399067969551,-0.0049370977390483795,0.0242765944203467,0.024894094036911566,0.008327083084400489,0.9945979744966993,0.016131871830355998,0.017015073761889866,0.016701073764096,0.9896608767576509,0.0404084662507027,0.04190916779880143
