kernel_name,depth,target_factor_id,target_projlen,target_typical_projlen,target_surprise,target_surprise_z,target_periodic_distance,target_periodic_score,target_descent_score,target_mcts_value,target_breakout_value,target_kernel_match,generated_children,driver_frontier_size,paper_num_buckets,paper_bucket_arrivals,paper_bucket_kept,paper_bucket_survival_probability,paper_natural_reservoir_contains_target,paper_global_bucket_selected,paper_natural_selected,paper_step_survival_probability,paper_cumulative_log10_survival,paper_selected_frontier_size,periodic_bucket_kept,periodic_target_in_bucket,periodic_target_selected,periodic_selected_frontier_size,periodic_score_best_rank,periodic_score_worst_rank,periodic_descent_best_rank,periodic_descent_worst_rank,mcts_value_best_rank,mcts_value_worst_rank,mcts_proxy_selected_at_beam_width,breakout_value_best_rank,breakout_value_worst_rank,breakout_proxy_selected_at_beam_width,crispr_sample_size,crispr_endpoint_sample_best_rank,crispr_endpoint_sample_worst_rank,crispr_endpoint_sample_percentile,crispr_endpoint_estimated_population_rank,crispr_endpoint_island_capacity,crispr_endpoint_proxy_selected,crispr_envelope_sample_best_rank,crispr_envelope_sample_worst_rank,crispr_envelope_sample_percentile,crispr_envelope_estimated_population_rank,crispr_envelope_island_capacity,crispr_envelope_proxy_selected,crispr_collapse_sample_best_rank,crispr_collapse_sample_worst_rank,crispr_collapse_sample_percentile,crispr_collapse_estimated_population_rank,crispr_collapse_island_capacity,crispr_collapse_proxy_selected,crispr_suffix_sample_best_rank,crispr_suffix_sample_worst_rank,crispr_suffix_sample_percentile,crispr_suffix_estimated_population_rank,crispr_suffix_island_capacity,crispr_suffix_proxy_selected,crispr_sample_population_seen,paper_forced_for_continuation,driver_next_frontier_size
p5_length54,1,7,2,2.476562499999999,0.4765624999999991,0.4765624999999991,6.2,-0.42211843892394074,-2.0717187500000005,0.48134664351851764,0.013609374999999976,False,22,1,2,10,10,1.0,True,True,True,1.0,0.0,22,30,True,True,22,4,5,4,5,1,10,True,1,10,True,22,1,10,1.0,1,12500,True,1,10,1.0,1,12500,True,1,10,1.0,1,12500,True,1,10,1.0,1,12500,True,22,False,22
p5_length54,2,7,4,4.859374999999998,0.8593749999999982,0.8593749999999982,10.9,-0.07980957756897178,-3.842812500000001,0.8637089120370353,0.2275688657407402,False,164,22,3,56,56,1.0,True,True,True,1.0,0.0,164,168,True,True,164,13,16,15,18,1,56,True,13,56,True,164,1,44,1.0,1,12500,True,1,44,1.0,1,12500,True,1,56,1.0,1,12500,True,1,44,1.0,1,12500,True,164,False,164
p5_length54,3,10,6,7.312499999999999,1.3124999999999991,1.3124999999999991,38.5,-1.7059457156767293,-5.985416666666667,1.3169305555555546,0.3039097222222226,False,982,164,4,270,270,1.0,True,True,True,1.0,0.0,982,810,True,True,982,374,380,213,219,1,270,True,65,282,False,982,1,172,1.0,1,12500,True,1,172,1.0,1,12500,True,65,282,0.9348268839103869,3260,12500,True,1,218,1.0,1,12500,True,982,False,982
p5_length54,4,13,8,9.703125,1.703125,1.6179772101637804,67.75,-2.4717570092953034,-8.037886394918111,1.6223090967378544,0.2769206553718003,False,5528,982,5,1256,1256,1.0,True,True,True,1.0,0.0,5528,3000,True,True,5088,2510,2559,1125,1174,1,1256,True,295,1338,False,1000,1,113,1.0,1,12500,True,1,113,1.0,1,12500,True,66,242,0.935,3251,12500,True,1,181,1.0,1,12500,True,5528,False,5528
p5_length54,5,4,10,12.109375,2.109375,1.7794040064071623,80.75,-2.1234304428875004,-9.917797996796418,1.7837153489997548,0.24978437093716896,False,30478,5528,7,5798,3000,0.5174197999310107,True,True,True,0.5174197999310107,-0.28615695629931615,9004,3000,False,False,10257,9208,9441,4773,5006,5,5802,True,1655,6542,False,1000,1,97,1.0,1,12500,True,1,97,1.0,1,12500,True,86,251,0.915,4251,12500,True,23,175,0.978,1101,12500,True,30478,False,9004
p5_length54,6,13,12,14.585937500000007,2.585937500000007,1.968990447227344,99.75,-2.0601359187677057,-11.846754776386328,1.9734114541717886,0.3179909437131291,False,50168,9004,5,13218,3000,0.22696323195642307,True,True,True,0.22696323195642307,-0.930201449114065,9041,3000,False,False,9198,19755,19830,12147,12222,42,13259,True,2177,13810,False,1000,1,113,1.0,1,12500,True,1,113,1.0,1,12500,True,93,290,0.908,4601,12500,True,2,193,0.999,51,12500,True,50168,False,9041
p5_length54,7,4,14,16.906249999999993,2.906249999999993,2.1102745768191515,113.75,-1.8328732078132886,-13.757362711590424,2.114555992163067,0.34847759194970906,False,51023,9041,6,13714,3000,0.21875455738661223,False,True,False,0.21875455738661223,-1.5902443395237587,9219,3000,False,False,9441,17746,17891,12262,12407,220,13933,False,2577,14525,False,1000,5,95,0.996,201,12500,True,4,94,0.997,151,12500,True,85,300,0.916,4201,12500,True,32,215,0.969,1551,12500,True,51023,True,9220
p5_length54,8,2,16,19.257812500000014,3.257812500000014,2.2079361674185245,129.25,-1.7174014143372607,-15.703844416290739,2.212156581191673,0.38015286350520866,False,52324,9220,7,14278,3000,0.2101134612690853,False,True,False,0.2101134612690853,-2.267790462426672,7072,3000,False,False,10577,18390,18531,13495,13636,1073,15350,False,3588,15359,False,1000,29,116,0.972,1401,12500,True,29,116,0.972,1401,12500,True,101,328,0.9,5001,12500,True,34,216,0.967,1651,12500,True,52324,True,7073
p5_length54,9,13,17,21.687500000000004,4.6875000000000036,3.0222997409625982,133.75,-0.5571755202361084,-16.231905685074256,3.0276747409625986,0.9162734102658032,False,40393,7073,7,3787,3000,0.7921837866385001,True,True,True,0.7921837866385001,-2.368964512827836,7110,3000,True,True,10119,4698,4743,3085,3130,1111,4897,False,298,355,False,1000,94,97,0.907,4651,12500,True,94,97,0.907,4651,12500,True,125,173,0.876,6201,12500,True,174,173,0.827,8651,12500,True,40393,False,7110
p5_length54,10,20,18,24.046874999999996,6.0468749999999964,3.7874675807852847,136.75,0.5210899403839941,-16.79001620960736,3.7936996409704697,1.0901988654271368,False,42702,7110,7,4847,3000,0.6189395502372601,False,True,False,0.6189395502372601,-2.5773162778309326,9694,3000,False,False,9881,2850,2928,2759,2837,695,5541,False,209,530,False,1000,100,104,0.901,4951,12500,True,100,104,0.901,4951,12500,True,247,287,0.754,12301,12500,True,172,173,0.829,8551,12500,True,42702,True,9695
p5_length54,11,13,17,26.484375000000007,9.484375000000007,5.713417285876477,134.75,3.266132830402804,-12.355791357061761,5.722243148671089,2.13564497727801,False,57091,9695,8,65,65,1.0,True,True,True,1.0,-2.5773162778309326,9334,195,True,True,11716,11,11,1,1,6,70,True,1,2,True,1000,1,0,1.0,1,12500,True,6,5,0.995,251,12500,True,1,0,1.0,1,12500,True,56,55,0.945,2751,12500,True,57091,False,9334
p5_length54,12,20,20,28.898437500000007,8.898437500000007,4.991110286782391,154.75,1.9439680472044132,-18.149236523275473,4.998747873587946,1.116773206090531,False,55262,9334,9,2198,2198,1.0,True,True,True,1.0,-2.5773162778309326,8695,3000,True,True,11572,1704,1740,1674,1710,498,2695,False,990,2882,False,1000,37,36,0.964,1801,12500,True,37,36,0.964,1801,12500,True,1,6,1.0,1,12500,True,55,56,0.946,2701,12500,True,55262,False,8695
p5_length54,13,13,21,31.296874999999993,10.296874999999993,5.5149723995724065,151.25,3.074049484750658,-18.124244569444567,5.5231338133900705,1.3358399544554653,False,51223,8695,9,2372,2372,1.0,True,True,True,1.0,-2.5773162778309326,8703,3000,True,True,11216,342,342,447,447,332,2703,False,826,2910,False,1000,45,57,0.956,2201,12500,True,45,57,0.956,2201,12500,True,48,49,0.953,2351,12500,True,138,138,0.863,6852,12500,True,51223,False,8703
p5_length54,14,10,22,33.68750000000001,11.687500000000007,6.157833403623063,176.25,3.203295807555017,-19.550547583902752,6.166440877168037,1.827290859283505,False,51441,8703,9,1359,1359,1.0,True,True,True,1.0,-2.5773162778309326,7875,3000,True,True,11047,1541,1553,1442,1454,517,1875,False,556,589,False,1000,22,23,0.979,1051,12500,True,22,23,0.979,1051,12500,True,217,216,0.784,10801,12500,True,139,138,0.862,6902,12500,True,51441,False,7875
p5_length54,15,2,22,36.023437499999986,14.023437499999986,7.019116988142099,163.25,5.553447980593395,-16.434608172595617,7.028743724253211,2.39002324729899,False,46149,7875,9,438,438,1.0,True,True,True,1.0,-2.5773162778309326,9021,1314,True,True,11459,44,44,34,34,404,841,False,49,109,True,1000,21,20,0.98,1001,12500,True,21,20,0.98,1001,12500,True,4,4,0.997,151,12500,True,110,109,0.891,5451,12500,True,46149,False,9021
p5_length54,16,13,23,38.4296875,15.4296875,7.445853523927219,170.75,4.9979860787150505,-19.81066698803639,7.455793374911016,2.4294869407807176,False,53391,9021,10,1919,1919,1.0,True,True,True,1.0,-2.5773162778309326,7642,3000,True,True,12803,770,776,884,890,412,2330,False,356,529,False,1000,55,54,0.946,2701,12500,True,55,54,0.946,2701,12500,True,6,6,0.995,251,12500,True,144,143,0.857,7151,12500,True,53391,False,7642
p5_length54,17,4,22,40.820312499999986,18.820312499999986,8.987789172111492,170.75,6.976020304040821,-16.008311296297197,8.99917475898513,3.6118425947786523,False,45476,7642,9,167,167,1.0,True,True,True,1.0,-2.5773162778309326,8449,501,True,True,11250,93,93,43,43,60,226,True,14,25,True,1000,6,5,0.995,251,12500,True,9,8,0.992,401,12500,True,4,3,0.997,151,12500,True,317,316,0.6839999999999999,15801,12500,False,45476,False,8449
p5_length54,18,13,23,43.3046875,20.3046875,9.492187538079039,173.75,7.331906672723818,-18.73654511984937,9.503801253356817,3.4278754109545635,False,48387,8449,10,386,386,1.0,True,True,True,1.0,-2.5773162778309326,9864,1158,True,True,12171,320,322,401,403,147,532,False,311,430,False,1000,9,8,0.992,401,12500,True,9,8,0.992,401,12500,True,22,23,0.979,1051,12500,True,174,173,0.827,8651,12500,True,48387,False,9864
p5_length54,19,4,23,45.656250000000014,22.656250000000014,10.181405239897595,183.75,8.028595246414396,-18.392850011630152,10.19368143385471,3.93923133297851,False,56796,9864,10,129,129,1.0,True,True,True,1.0,-2.5773162778309326,9329,387,True,True,13791,255,257,295,297,64,192,True,93,131,False,1000,5,4,0.996,201,12500,True,3,2,0.998,101,12500,True,12,11,0.989,551,12500,True,110,109,0.891,5451,12500,True,56796,False,9329
p5_length54,20,13,24,48.06250000000001,24.062500000000007,10.357116891515815,177.75,8.88309456265807,-18.065816554242094,10.369518511886186,3.9362266652594124,False,53195,9329,11,390,390,1.0,True,True,True,1.0,-2.5773162778309326,7373,1170,True,True,12348,125,125,195,195,130,519,False,469,553,False,1000,14,13,0.987,651,12500,True,14,13,0.987,651,12500,True,87,87,0.914,4301,12500,True,92,91,0.909,4551,12500,True,53195,False,7373
p5_length54,21,7,24,50.523437499999986,26.523437499999986,11.033274971268954,177.75,9.19712648329328,-18.906576800079808,11.046294068491175,4.641816181481162,False,41879,7373,11,245,245,1.0,True,True,True,1.0,-2.5773162778309326,9133,735,True,True,11369,312,313,363,364,128,372,False,135,215,False,1000,10,10,0.991,451,12500,True,8,8,0.993,351,12500,True,7,6,0.994,301,12500,True,41,40,0.96,2001,12500,True,41879,False,9133
p5_length54,22,21,24,52.90625000000001,28.906250000000007,11.468073958751438,176.75,9.83003864189679,-18.467667566078827,11.4816205707043,4.903124385185429,False,51601,9133,12,279,279,1.0,True,True,True,1.0,-2.5773162778309326,8570,837,True,True,13315,241,241,328,328,135,413,False,139,213,False,1000,9,10,0.992,401,12500,True,7,8,0.994,301,12500,True,14,14,0.987,651,12500,True,48,47,0.953,2351,12500,True,51601,False,8570
p5_length54,23,20,25,55.328125,30.328125,12.067047372769267,189.25,10.299906095581223,-19.37788935709363,12.08065943999954,5.45276709967795,False,48608,8570,13,612,612,1.0,True,True,True,1.0,-2.5773162778309326,8796,1836,True,True,13245,821,821,893,893,420,1031,False,572,750,False,1000,25,25,0.976,1201,12500,True,21,21,0.98,1001,12500,True,37,37,0.964,1801,12500,True,76,76,0.925,3751,12500,True,48608,False,8796
p5_length54,24,13,24,57.75781250000001,33.75781250000001,12.931371279261345,186.25,11.789404429843957,-15.322335193702664,12.945881478914123,6.193948277014971,False,49922,8796,13,187,187,1.0,True,True,True,1.0,-2.5773162778309326,8716,561,True,True,12965,102,102,52,52,73,259,False,39,54,True,1000,4,3,0.997,151,12500,True,12,11,0.989,551,12500,True,10,9,0.991,451,12500,True,123,122,0.878,6101,12500,True,49922,False,8716
p5_length54,25,20,26,60.15625,34.15625,13.4677250551762,200.25,11.763673883521768,-19.6666374724119,13.481850518139163,6.517360246835297,False,50500,8716,12,1251,1251,1.0,True,True,True,1.0,-2.5773162778309326,7041,3000,True,True,12248,1450,1462,1446,1458,571,1821,False,1955,2277,False,1000,49,49,0.952,2401,12500,True,47,47,0.954,2301,12500,True,121,121,0.88,6001,12500,True,276,276,0.725,13752,12500,False,50500,False,7041
p5_length54,26,13,27,62.554687499999986,35.554687499999986,13.634464574024383,196.25,12.366567392683912,-19.760171559141654,13.648620935313556,6.662268323021301,False,41453,7041,12,1910,1910,1.0,True,True,True,1.0,-2.5773162778309326,9832,3000,True,True,12171,1668,1668,2288,2288,1923,3832,False,2419,2899,False,1000,90,91,0.911,4451,12500,True,85,86,0.916,4201,12500,True,292,294,0.7090000000000001,14551,12500,False,368,367,0.633,18351,12500,False,41453,False,9832
p5_length54,27,10,28,64.99218749999994,36.99218749999994,14.109339888665568,203.75,12.521604682944144,-21.32264487048203,14.123540698850753,7.306308411838561,False,57170,9832,12,6247,3000,0.48023051064510963,True,True,True,0.48023051064510963,-2.895866529057292,7466,3000,False,False,14632,6175,6209,6349,6383,4467,10713,False,3330,4065,False,1000,180,180,0.821,8951,12500,True,180,180,0.821,8951,12500,True,578,578,0.42300000000000004,28851,12500,False,427,426,0.5740000000000001,21301,12500,False,57170,False,7466
p5_length54,28,16,28,67.38281250000004,39.38281250000004,14.959170034861026,204.25,13.441766593135446,-20.88514712542663,14.973753843558116,8.196105566537572,False,43318,7466,10,9148,3000,0.3279405334499344,False,True,False,0.3279405334499344,-3.3800714302723405,9258,3000,False,False,11763,5339,5369,5493,5523,3259,12406,False,1825,2088,False,1000,282,281,0.719,14052,12500,False,282,281,0.719,14052,12500,False,428,431,0.573,21351,12500,False,844,843,0.15700000000000003,42151,12500,False,43318,True,9259
p5_length54,29,16,28,69.84375000000004,41.84375000000004,15.658809630594831,202.25,14.389020424095095,-20.11930208125431,15.673775546942213,8.774146441755953,False,52251,9259,12,6852,3000,0.43782837127845886,False,True,False,0.43782837127845886,-3.738767529846151,8001,3000,True,True,12785,2603,2604,2788,2789,2002,8853,False,1452,1643,False,1000,172,171,0.829,8551,12500,True,171,170,0.83,8501,12500,True,267,266,0.734,13301,12500,False,842,841,0.15900000000000003,42051,12500,False,52251,True,8002
p5_length54,30,2,28,72.28125000000001,44.281250000000014,16.312210207127826,193.25,15.743145802082148,-18.365978229769418,16.32752617935005,9.404355264448624,False,44586,8002,12,3644,3000,0.823271130625686,True,True,True,0.823271130625686,-3.8232246434274493,7742,3000,True,True,12170,739,739,1166,1166,1743,5386,False,1253,1371,False,1000,115,114,0.886,5701,12500,True,114,113,0.887,5651,12500,True,24,23,0.977,1151,12500,True,858,857,0.14300000000000002,42851,12500,False,44586,False,7742
p5_length54,31,13,29,74.67187500000006,45.67187500000006,16.372845247420624,210.75,14.99237586124351,-21.153496731128396,16.388152184397924,9.444850432494798,False,43840,7742,11,4286,3000,0.6999533364442371,True,True,True,0.6999533364442371,-3.9781555554135966,7996,3000,True,True,12382,6424,6446,6479,6501,5077,9362,False,5272,5582,False,1000,212,211,0.789,10551,12500,True,212,211,0.789,10551,12500,True,16,15,0.985,751,12500,True,944,943,0.05700000000000005,47151,12500,False,43840,False,7996
p5_length54,32,4,28,77.03906249999999,49.039062499999986,16.99991124649167,205.75,16.374220483649665,-16.821528751754165,17.015828546115515,10.403471778561837,False,45546,7996,11,3707,3000,0.8092797410304828,False,True,False,0.8092797410304828,-4.070056886723497,8073,3000,True,True,12529,1305,1305,776,776,2074,5780,False,1138,1148,False,1000,114,114,0.887,5651,12500,True,221,220,0.78,11001,12500,True,14,13,0.987,651,12500,True,964,963,0.03700000000000003,48151,12500,False,45546,True,8074
p5_length54,33,13,29,79.42187500000004,50.42187500000004,16.954644170672182,207.25,15.715284982370836,-20.83669306617906,16.9705346378439,10.377061904804718,False,45182,8074,11,5031,3000,0.5963029218843172,False,True,False,0.5963029218843172,-4.294589949329583,8469,3000,True,True,12945,7396,7415,7449,7468,5873,10903,False,5993,10903,False,1000,253,253,0.748,12601,12500,False,253,253,0.748,12601,12500,False,69,75,0.9319999999999999,3402,12500,True,997,996,0.0040000000000000036,49801,12500,False,45182,True,8470
p5_length54,34,4,28,81.82812500000004,53.82812500000004,17.55372013369777,214.25,16.56970838487569,-17.538213462562883,17.570181564797988,11.345708181105568,False,46948,8470,10,4592,3000,0.6533101045296167,True,True,True,0.6533101045296167,-4.479470573999838,7913,3000,True,True,12475,2557,2558,1106,1107,1914,6505,False,876,884,False,1000,117,116,0.884,5801,12500,True,240,239,0.761,11951,12500,True,31,30,0.97,1501,12500,True,996,995,0.0050000000000000044,49751,12500,False,46948,False,7913
p5_length54,35,13,27,84.24218749999994,57.24218749999994,18.38240168249017,203.75,19.68857497042817,-8.699870587326345,18.3994047413526,12.34586344228004,False,44261,7913,11,1428,1428,1.0,True,True,True,1.0,-4.479470573999838,7872,3000,True,True,12345,97,97,25,25,788,2215,False,398,405,False,1000,44,43,0.957,2151,12500,True,234,233,0.767,11651,12500,True,9,8,0.992,401,12500,True,992,991,0.009000000000000008,49551,12500,False,44261,False,7872
p5_length54,36,21,25,86.65625,61.65625,19.47538666924172,189.75,22.767791499479944,2.9312945250970506,19.4931800720195,13.547877008981365,False,44716,7872,11,128,128,1.0,True,True,True,1.0,-4.479470573999838,8158,384,True,True,12268,9,9,1,1,20,147,True,4,4,True,1000,5,4,0.996,201,12500,True,293,292,0.708,14601,12500,False,1,0,1.0,1,12500,True,979,978,0.02200000000000002,48901,12500,False,44716,False,8158
p5_length54,37,20,26,89.07812499999996,63.07812499999996,19.41023653724324,182.75,20.393291140472694,-10.256126905123557,19.427969864320314,13.317339843336335,False,46554,8158,10,206,206,1.0,True,True,True,1.0,-4.479470573999838,9297,618,True,True,11453,102,102,62,62,101,306,False,209,323,False,1000,5,4,0.996,201,12500,True,278,277,0.723,13852,12500,False,1,0,1.0,1,12500,True,970,969,0.031000000000000028,48451,12500,False,46554,False,9297
p5_length54,38,13,25,91.44531250000003,66.44531250000003,20.443342376619572,170.25,24.21742919087539,3.1976580304150506,20.46153168887591,14.888222912455332,False,52931,9297,12,96,96,1.0,True,True,True,1.0,-4.479470573999838,8769,288,True,True,13134,2,2,1,1,15,110,True,18,20,True,1000,6,5,0.995,251,12500,True,168,167,0.833,8351,12500,True,1,0,1.0,1,12500,True,880,879,0.121,43951,12500,False,52931,False,8769
p5_length54,39,20,26,93.89843749999996,67.89843749999996,20.481830219343994,167.75,21.699373953109603,-8.345577564320676,20.499962297335447,14.829808935546549,False,51185,8769,12,142,142,1.0,True,True,True,1.0,-4.479470573999838,8363,426,True,True,12811,92,92,30,30,89,230,False,185,247,False,1000,12,11,0.989,551,12500,True,158,157,0.843,7851,12500,True,1,0,1.0,1,12500,True,797,796,0.20399999999999996,39801,12500,False,51185,False,8363
p5_length54,40,13,25,96.265625,71.265625,21.098542216631774,168.25,22.905281503312075,-1.6324699631126847,21.117099363622515,15.95546293573224,False,49165,8363,11,79,79,1.0,True,True,True,1.0,-4.479470573999838,7894,237,True,True,12321,30,30,3,3,29,107,True,31,34,True,1000,5,4,0.996,201,12500,True,120,119,0.881,5951,12500,True,1,0,1.0,1,12500,True,685,684,0.31599999999999995,34201,12500,False,49165,False,7894
p5_length54,41,21,25,98.6640625,73.6640625,21.247182244086215,166.25,22.957986917743934,-4.864867066110203,21.265908347857668,16.22516596949006,False,46128,7894,11,79,79,1.0,True,True,True,1.0,-4.479470573999838,8037,237,True,True,12369,29,29,12,12,29,107,True,37,63,True,1000,3,2,0.998,101,12500,True,117,116,0.884,5801,12500,True,2,1,0.999,51,12500,True,514,513,0.487,25651,12500,False,46128,False,8037
p5_length54,42,10,24,101.08593750000001,77.08593750000001,22.107807783591234,152.75,26.35878036265544,5.5292015108432375,22.126939356011867,17.64440595163299,False,46653,8037,11,21,21,1.0,True,True,True,1.0,-4.479470573999838,8262,63,True,True,12591,1,1,1,1,2,22,True,2,3,True,1000,1,0,1.0,1,12500,True,127,126,0.874,6301,12500,True,1,0,1.0,1,12500,True,455,454,0.546,22701,12500,False,46653,False,8262
p5_length54,43,13,23,103.48437500000003,80.48437500000003,22.847549956124197,143.25,26.201182633390456,3.6572052106202397,22.867063548932123,18.582804088580712,False,46848,8262,12,1,1,1.0,True,True,True,1.0,-4.479470573999838,7995,3,True,True,12369,5,5,7,7,3,3,True,3,3,True,1000,1,0,1.0,1,12500,True,87,86,0.914,4301,12500,True,1,0,1.0,1,12500,True,296,295,0.7050000000000001,14751,12500,False,46848,False,7995
p5_length54,44,4,20,105.85937500000001,85.85937500000001,23.70944233475113,130.75,29.666236181073366,21.50614162192102,23.729770643884127,19.770079363799233,False,45111,7995,13,1,1,1.0,True,True,True,1.0,-4.479470573999838,7996,3,True,True,12264,2,2,1,1,1,1,True,1,1,True,1000,1,0,1.0,1,12500,True,100,99,0.901,4951,12500,True,1,0,1.0,1,12500,True,185,184,0.8160000000000001,9201,12500,True,45111,False,7996
p5_length54,45,13,19,108.17187499999994,89.17187499999994,24.356903419532237,109.75,31.061832416290024,19.227935836750248,24.377552725087792,20.641799364222972,False,44448,7996,16,1,1,1.0,True,True,True,1.0,-4.479470573999838,7865,3,True,True,12322,1,1,3,3,2,2,True,3,3,True,1000,1,0,1.0,1,12500,True,68,67,0.933,3351,12500,True,1,0,1.0,1,12500,True,53,52,0.948,2601,12500,True,44448,False,7865
p5_length54,46,4,16,110.484375,94.484375,25.779608599177728,101.25,32.59051040812597,31.20832138033421,25.801000532551317,22.693151848421806,False,44271,7865,17,1,1,1.0,True,True,True,1.0,-4.479470573999838,8370,3,True,True,12674,1,1,1,1,1,1,True,1,1,True,1000,1,0,1.0,1,12500,True,72,71,0.929,3551,12500,True,1,0,1.0,1,12500,True,2,1,0.999,51,12500,True,44271,False,8370
p5_length54,47,2,14,112.85156249999991,98.85156249999991,27.177376686216135,100.25,32.572946459846975,28.224896549794995,27.199279303926932,24.375170073307007,False,46618,8370,19,1,1,1.0,True,True,True,1.0,-4.479470573999838,9367,3,True,True,13297,1,1,1,1,1,1,True,1,1,True,1000,1,0,1.0,1,12500,True,70,69,0.931,3452,12500,True,1,0,1.0,1,12500,True,1,0,1.0,1,12500,True,46618,False,9367
p5_length54,48,16,12,115.18749999999999,103.18749999999999,27.754188537908114,93.25,34.74130980996409,35.77995885228739,27.776574822630334,24.981182022042088,False,53485,9367,21,1,1,1.0,True,True,True,1.0,-4.479470573999838,7887,3,True,True,14763,1,1,1,1,1,1,True,1,1,True,1000,1,0,1.0,1,12500,True,39,38,0.962,1901,12500,True,1,0,1.0,1,12500,True,1,0,1.0,1,12500,True,53485,False,7887
p5_length54,49,13,10,117.70312500000001,107.70312500000001,28.892985189289032,74.25,38.29873436576099,44.942155859950645,28.915872826288275,26.80999474556308,False,45583,7887,22,1,1,1.0,True,True,True,1.0,-4.479470573999838,8310,3,True,True,15247,1,1,1,1,1,1,True,1,1,True,1000,1,0,1.0,1,12500,True,34,33,0.967,1651,12500,True,1,0,1.0,1,12500,True,1,0,1.0,1,12500,True,45583,False,8310
p5_length54,50,11,8,120.125,112.125,29.618879340597225,51.0,40.46840309389908,51.744153956012894,29.64223026652315,27.811186279910785,False,47424,8310,24,1,1,1.0,True,True,True,1.0,-4.479470573999838,9299,3,True,True,16037,2,2,1,1,1,1,True,1,1,True,1000,1,0,1.0,1,12500,True,42,41,0.959,2051,12500,True,1,0,1.0,1,12500,True,1,0,1.0,1,12500,True,47424,False,9299
p5_length54,51,13,6,122.59375000000003,116.59375000000003,30.65754182943092,27.75,41.78987965735432,54.372993603791095,30.68134779348321,29.497482269598336,False,50417,9299,24,1,1,1.0,True,True,True,1.0,-4.479470573999838,8764,3,True,True,17198,1,1,1,1,1,1,True,1,1,True,1000,1,0,1.0,1,12500,True,24,23,0.977,1151,12500,True,1,0,1.0,1,12500,True,1,0,1.0,1,12500,True,50417,False,8764
p5_length54,52,11,4,125.05468749999999,121.05468749999999,31.832749323801742,17.5,40.92963189906431,51.68526202453824,31.856992034360857,31.265605065849908,False,45904,8764,25,1,1,1.0,True,True,True,1.0,-4.479470573999838,9622,3,True,True,16171,1,1,1,1,1,1,True,1,1,True,1000,1,0,1.0,1,12500,True,6,5,0.995,251,12500,True,1,0,1.0,1,12500,True,1,0,1.0,1,12500,True,45904,False,9622
p5_length54,53,13,2,127.42968750000001,125.42968750000001,32.50231354324531,6.2,42.03507415678163,53.62816485787602,32.526961003500375,32.259848417976876,False,52022,9622,25,1,1,1.0,True,True,True,1.0,-4.479470573999838,7650,3,True,True,18992,1,1,1,1,1,1,True,1,1,True,1000,1,0,1.0,1,12500,True,3,2,0.998,101,12500,True,1,0,1.0,1,12500,True,1,0,1.0,1,12500,True,52022,False,7650
p5_length54,54,21,0,129.8046875,129.8046875,33.50560295385195,0.0,1045.8522677190635,1054.6899443340687,1033.5306408589445,1034.0322855642478,True,40386,7650,24,1,1,1.0,True,True,True,1.0,-4.479470573999838,9419,3,True,True,17720,1,1,1,1,1,1,True,1,1,True,1000,1,0,1.0,1,12500,True,1,0,1.0,1,12500,True,1,0,1.0,1,12500,True,1,0,1.0,1,12500,True,40386,False,9419
