heuristic,length,bucket,count,seen,score
power_projlen,30,"[30, 1]",2000,6838,[1]
power_projlen,30,"[30, 3]",495,495,[3]
power_projlen,30,"[30, 4]",365,365,[4]
power_projlen,30,"[30, 5]",2000,13601,[5]
power_projlen,30,"[30, 6]",880,880,[6]
power_projlen,30,"[30, 7]",2000,21323,[7]
power_projlen,30,"[30, 8]",1891,1891,[8]
power_projlen,30,"[30, 9]",2000,27032,[9]
power_projlen,30,"[30, 10]",2000,5749,[10]
power_projlen,30,"[30, 11]",2000,22928,[11]
power_projlen,30,"[30, 12]",2000,4899,[12]
power_projlen,30,"[30, 13]",2000,25077,[13]
power_projlen,30,"[30, 14]",2000,10194,[14]
power_projlen,30,"[30, 15]",2000,10082,[15]
power_projlen,30,"[30, 16]",2000,2072,[16]
power_projlen,30,"[30, 17]",2000,13648,[17]
power_projlen,30,"[30, 18]",2000,4365,[18]
power_projlen,30,"[30, 19]",1343,1343,[19]
power_projlen,30,"[30, 20]",581,581,[20]
power_projlen,30,"[30, 21]",2000,2415,[21]
power_projlen,30,"[30, 22]",1050,1050,[22]
power_projlen,30,"[30, 23]",124,124,[23]
power_projlen,30,"[30, 24]",112,112,[24]
power_projlen,30,"[30, 25]",251,251,[25]
power_projlen,30,"[30, 26]",148,148,[26]
power_projlen,30,"[30, 27]",46,46,[27]
power_projlen,30,"[30, 28]",59,59,[28]
power_projlen,30,"[30, 29]",2000,16861,[29]
power_projlen,30,"[30, 30]",2000,11374,[30]
power_projlen,30,"[30, 31]",40,40,[31]
power_projlen,30,"[30, 32]",334,334,[32]
power_projlen,30,"[30, 33]",193,193,[33]
power_projlen,30,"[30, 34]",237,237,[34]
power_projlen,30,"[30, 35]",54,54,[35]
power_projlen,30,"[30, 36]",5,5,[36]
power_projlen,30,"[30, 37]",2000,19354,[37]
power_projlen,30,"[30, 38]",2000,13161,[38]
power_projlen,30,"[30, 39]",96,96,[39]
power_projlen,30,"[30, 40]",385,385,[40]
power_projlen,30,"[30, 41]",222,222,[41]
power_projlen,30,"[30, 42]",221,221,[42]
power_projlen,30,"[30, 43]",9,9,[43]
power_projlen,30,"[30, 44]",21,21,[44]
power_projlen,30,"[30, 45]",91,91,[45]
power_projlen,30,"[30, 46]",17,17,[46]
power_projlen,30,"[30, 47]",2,2,[47]
power_projlen,30,"[30, 48]",16,16,[48]
power_projlen,30,"[30, 49]",14,14,[49]
power_projlen,30,"[30, 50]",20,20,[50]
power_projlen,30,"[30, 51]",3,3,[51]
power_projlen,30,"[30, 52]",9,9,[52]
power_projlen,30,"[30, 53]",2,2,[53]
power_projlen,30,"[30, 54]",12,12,[54]
power_projlen,30,"[30, 55]",3,3,[55]
power_projlen,30,"[30, 56]",1,1,[56]
power_projlen,30,"[30, 57]",2,2,[57]
power_projlen,30,"[30, 58]",1,1,[58]
power_projlen,30,"[30, 59]",4,4,[59]
power_projlen,30,"[30, 60]",18,18,[60]
power_projlen,30,"[30, 61]",6,6,[61]
power_projlen,30,"[30, 62]",18,18,[62]
power_projlen,30,"[30, 63]",10,10,[63]
power_projlen,30,"[30, 64]",9,9,[64]
power_projlen,30,"[30, 65]",14,14,[65]
power_projlen,30,"[30, 66]",4,4,[66]
power_projlen,30,"[30, 67]",10,10,[67]
power_projlen,30,"[30, 68]",12,12,[68]
power_projlen,30,"[30, 69]",6,6,[69]
power_projlen,30,"[30, 70]",8,8,[70]
power_projlen,30,"[30, 71]",3,3,[71]
power_projlen,30,"[30, 72]",12,12,[72]
power_projlen,30,"[30, 73]",8,8,[73]
power_projlen,30,"[30, 74]",3,3,[74]
power_projlen,30,"[30, 75]",7,7,[75]
power_projlen,30,"[30, 76]",7,7,[76]
power_projlen,30,"[30, 77]",6,6,[77]
power_projlen,30,"[30, 78]",9,9,[78]
power_projlen,30,"[30, 79]",6,6,[79]
power_projlen,30,"[30, 80]",10,10,[80]
power_projlen,30,"[30, 81]",2,2,[81]
power_projlen,30,"[30, 82]",11,11,[82]
power_projlen,30,"[30, 83]",9,9,[83]
power_projlen,30,"[30, 84]",8,8,[84]
power_projlen,30,"[30, 85]",2,2,[85]
power_projlen,30,"[30, 86]",7,7,[86]
power_projlen,30,"[30, 87]",8,8,[87]
power_projlen,30,"[30, 88]",18,18,[88]
power_projlen,30,"[30, 89]",5,5,[89]
power_projlen,30,"[30, 90]",20,20,[90]
power_projlen,30,"[30, 91]",9,9,[91]
power_projlen,30,"[30, 92]",133,133,[92]
power_projlen,30,"[30, 93]",9,9,[93]
power_projlen,30,"[30, 94]",180,180,[94]
power_projlen,30,"[30, 95]",48,48,[95]
power_projlen,30,"[30, 96]",97,97,[96]
power_projlen,30,"[30, 97]",69,69,[97]
power_projlen,30,"[30, 98]",122,122,[98]
power_projlen,30,"[30, 99]",136,136,[99]
power_projlen,30,"[30, 100]",57,57,[100]
power_projlen,30,"[30, 101]",206,206,[101]
power_projlen,30,"[30, 102]",93,93,[102]
power_projlen,30,"[30, 103]",237,237,[103]
power_projlen,30,"[30, 104]",199,199,[104]
power_projlen,30,"[30, 105]",339,339,[105]
power_projlen,30,"[30, 106]",352,352,[106]
power_projlen,30,"[30, 107]",613,613,[107]
power_projlen,30,"[30, 108]",570,570,[108]
power_projlen,30,"[30, 109]",1060,1060,[109]
power_projlen,30,"[30, 110]",792,792,[110]
power_projlen,30,"[30, 111]",1485,1485,[111]
power_projlen,30,"[30, 112]",1292,1292,[112]
power_projlen,30,"[30, 113]",1295,1295,[113]
power_projlen,30,"[30, 114]",551,551,[114]
power_projlen,30,"[30, 115]",309,309,[115]
power_projlen,30,"[30, 116]",353,353,[116]
power_projlen,30,"[30, 117]",2000,4316,[117]
power_projlen,30,"[30, 118]",562,562,[118]
power_projlen,30,"[30, 119]",244,244,[119]
power_projlen,30,"[30, 120]",29,29,[120]
power_projlen,30,"[30, 121]",31,31,[121]
power_projlen,30,"[30, 122]",58,58,[122]
power_projlen,30,"[30, 123]",42,42,[123]
power_projlen,30,"[30, 124]",21,21,[124]
power_projlen,30,"[30, 125]",40,40,[125]
power_projlen,30,"[30, 126]",32,32,[126]
power_projlen,30,"[30, 127]",10,10,[127]
power_projlen,30,"[30, 128]",8,8,[128]
power_projlen,30,"[30, 129]",38,38,[129]
power_projlen,30,"[30, 130]",12,12,[130]
power_projlen,30,"[30, 132]",8,8,[132]
power_projlen,30,"[30, 133]",11,11,[133]
power_projlen,30,"[30, 134]",38,38,[134]
power_projlen,30,"[30, 135]",2,2,[135]
power_projlen,30,"[30, 136]",36,36,[136]
power_projlen,30,"[30, 137]",33,33,[137]
power_projlen,30,"[30, 138]",81,81,[138]
power_projlen,30,"[30, 139]",26,26,[139]
power_projlen,30,"[30, 140]",1264,1264,[140]
power_projlen,30,"[30, 141]",464,464,[141]
power_projlen,30,"[30, 142]",1648,1648,[142]
power_projlen,30,"[30, 143]",16,16,[143]
power_projlen,30,"[30, 144]",2000,6344,[144]
power_projlen,30,"[30, 145]",1136,1136,[145]
power_projlen,30,"[30, 146]",2000,7175,[146]
power_projlen,30,"[30, 147]",10,10,[147]
power_projlen,30,"[30, 148]",39,39,[148]
power_projlen,30,"[30, 149]",949,949,[149]
power_projlen,30,"[30, 150]",161,161,[150]
power_projlen,30,"[30, 152]",1,1,[152]
power_projlen,30,"[30, 153]",97,97,[153]
power_projlen,30,"[30, 155]",2,2,[155]
power_projlen,30,"[30, 157]",30,30,[157]
two_level,30,"[30, 1, 0]",338,338,"[1, 0]"
two_level,30,"[30, 1, 4]",2000,2033,"[1, 4]"
two_level,30,"[30, 1, 8]",186,186,"[1, 8]"
two_level,30,"[30, 1, 12]",1976,1976,"[1, 12]"
two_level,30,"[30, 1, 16]",2000,2305,"[1, 16]"
two_level,30,"[30, 3, 0]",185,185,"[3, 0]"
two_level,30,"[30, 3, 4]",235,235,"[3, 4]"
two_level,30,"[30, 3, 8]",67,67,"[3, 8]"
two_level,30,"[30, 3, 12]",8,8,"[3, 12]"
two_level,30,"[30, 4, 4]",365,365,"[4, 4]"
two_level,30,"[30, 5, 0]",569,569,"[5, 0]"
two_level,30,"[30, 5, 4]",2000,5029,"[5, 4]"
two_level,30,"[30, 5, 8]",1004,1004,"[5, 8]"
two_level,30,"[30, 5, 12]",2000,3149,"[5, 12]"
two_level,30,"[30, 5, 16]",2000,3850,"[5, 16]"
two_level,30,"[30, 6, 4]",880,880,"[6, 4]"
two_level,30,"[30, 7, 4]",2000,11617,"[7, 4]"
two_level,30,"[30, 7, 8]",1400,1400,"[7, 8]"
two_level,30,"[30, 7, 12]",2000,4383,"[7, 12]"
two_level,30,"[30, 7, 16]",2000,3923,"[7, 16]"
two_level,30,"[30, 8, 4]",1479,1479,"[8, 4]"
two_level,30,"[30, 8, 8]",412,412,"[8, 8]"
two_level,30,"[30, 9, 4]",2000,11373,"[9, 4]"
two_level,30,"[30, 9, 8]",2000,5865,"[9, 8]"
two_level,30,"[30, 9, 12]",2000,4525,"[9, 12]"
two_level,30,"[30, 9, 16]",2000,5265,"[9, 16]"
two_level,30,"[30, 9, 20]",3,3,"[9, 20]"
two_level,30,"[30, 9, 24]",1,1,"[9, 24]"
two_level,30,"[30, 10, 4]",2000,3527,"[10, 4]"
two_level,30,"[30, 10, 8]",2000,2222,"[10, 8]"
two_level,30,"[30, 11, 4]",2000,10485,"[11, 4]"
two_level,30,"[30, 11, 8]",2000,7205,"[11, 8]"
two_level,30,"[30, 11, 12]",2000,2279,"[11, 12]"
two_level,30,"[30, 11, 16]",2000,2949,"[11, 16]"
two_level,30,"[30, 11, 20]",10,10,"[11, 20]"
two_level,30,"[30, 12, 8]",2000,4881,"[12, 8]"
two_level,30,"[30, 12, 12]",18,18,"[12, 12]"
two_level,30,"[30, 13, 4]",2000,12384,"[13, 4]"
two_level,30,"[30, 13, 8]",2000,11452,"[13, 8]"
two_level,30,"[30, 13, 12]",695,695,"[13, 12]"
two_level,30,"[30, 13, 16]",531,531,"[13, 16]"
two_level,30,"[30, 13, 24]",15,15,"[13, 24]"
two_level,30,"[30, 14, 8]",2000,10171,"[14, 8]"
two_level,30,"[30, 14, 12]",23,23,"[14, 12]"
two_level,30,"[30, 15, 8]",2000,9608,"[15, 8]"
two_level,30,"[30, 15, 12]",313,313,"[15, 12]"
two_level,30,"[30, 15, 16]",151,151,"[15, 16]"
two_level,30,"[30, 15, 24]",9,9,"[15, 24]"
two_level,30,"[30, 15, 32]",1,1,"[15, 32]"
two_level,30,"[30, 16, 8]",1950,1950,"[16, 8]"
two_level,30,"[30, 16, 12]",119,119,"[16, 12]"
two_level,30,"[30, 16, 16]",3,3,"[16, 16]"
two_level,30,"[30, 17, 8]",2000,13415,"[17, 8]"
two_level,30,"[30, 17, 12]",193,193,"[17, 12]"
two_level,30,"[30, 17, 16]",39,39,"[17, 16]"
two_level,30,"[30, 17, 28]",1,1,"[17, 28]"
two_level,30,"[30, 18, 8]",2000,4209,"[18, 8]"
two_level,30,"[30, 18, 12]",156,156,"[18, 12]"
two_level,30,"[30, 19, 8]",1138,1138,"[19, 8]"
two_level,30,"[30, 19, 12]",178,178,"[19, 12]"
two_level,30,"[30, 19, 16]",8,8,"[19, 16]"
two_level,30,"[30, 19, 28]",18,18,"[19, 28]"
two_level,30,"[30, 19, 36]",1,1,"[19, 36]"
two_level,30,"[30, 20, 12]",581,581,"[20, 12]"
two_level,30,"[30, 21, 8]",2000,2266,"[21, 8]"
two_level,30,"[30, 21, 12]",142,142,"[21, 12]"
two_level,30,"[30, 21, 16]",4,4,"[21, 16]"
two_level,30,"[30, 21, 32]",2,2,"[21, 32]"
two_level,30,"[30, 21, 36]",1,1,"[21, 36]"
two_level,30,"[30, 22, 12]",1048,1048,"[22, 12]"
two_level,30,"[30, 22, 16]",2,2,"[22, 16]"
two_level,30,"[30, 23, 12]",122,122,"[23, 12]"
two_level,30,"[30, 23, 16]",1,1,"[23, 16]"
two_level,30,"[30, 23, 32]",1,1,"[23, 32]"
two_level,30,"[30, 24, 12]",112,112,"[24, 12]"
two_level,30,"[30, 25, 12]",246,246,"[25, 12]"
two_level,30,"[30, 25, 16]",2,2,"[25, 16]"
two_level,30,"[30, 25, 36]",2,2,"[25, 36]"
two_level,30,"[30, 25, 60]",1,1,"[25, 60]"
two_level,30,"[30, 26, 12]",146,146,"[26, 12]"
two_level,30,"[30, 26, 16]",2,2,"[26, 16]"
two_level,30,"[30, 27, 12]",21,21,"[27, 12]"
two_level,30,"[30, 27, 16]",19,19,"[27, 16]"
two_level,30,"[30, 27, 36]",6,6,"[27, 36]"
two_level,30,"[30, 28, 16]",59,59,"[28, 16]"
two_level,30,"[30, 29, 12]",2000,16822,"[29, 12]"
two_level,30,"[30, 29, 16]",29,29,"[29, 16]"
two_level,30,"[30, 29, 40]",10,10,"[29, 40]"
two_level,30,"[30, 30, 16]",2000,11374,"[30, 16]"
two_level,30,"[30, 31, 16]",34,34,"[31, 16]"
two_level,30,"[30, 31, 40]",6,6,"[31, 40]"
two_level,30,"[30, 32, 16]",334,334,"[32, 16]"
two_level,30,"[30, 33, 16]",182,182,"[33, 16]"
two_level,30,"[30, 33, 44]",7,7,"[33, 44]"
two_level,30,"[30, 33, 48]",2,2,"[33, 48]"
two_level,30,"[30, 33, 60]",2,2,"[33, 60]"
two_level,30,"[30, 34, 16]",232,232,"[34, 16]"
two_level,30,"[30, 34, 20]",5,5,"[34, 20]"
two_level,30,"[30, 35, 16]",2,2,"[35, 16]"
two_level,30,"[30, 35, 20]",2,2,"[35, 20]"
two_level,30,"[30, 35, 40]",1,1,"[35, 40]"
two_level,30,"[30, 35, 44]",42,42,"[35, 44]"
two_level,30,"[30, 35, 48]",7,7,"[35, 48]"
two_level,30,"[30, 36, 20]",5,5,"[36, 20]"
two_level,30,"[30, 37, 16]",2000,19285,"[37, 16]"
two_level,30,"[30, 37, 20]",1,1,"[37, 20]"
two_level,30,"[30, 37, 44]",8,8,"[37, 44]"
two_level,30,"[30, 37, 48]",59,59,"[37, 48]"
two_level,30,"[30, 37, 52]",1,1,"[37, 52]"
two_level,30,"[30, 38, 20]",2000,13161,"[38, 20]"
two_level,30,"[30, 39, 20]",2,2,"[39, 20]"
two_level,30,"[30, 39, 44]",86,86,"[39, 44]"
two_level,30,"[30, 39, 48]",6,6,"[39, 48]"
two_level,30,"[30, 39, 52]",2,2,"[39, 52]"
two_level,30,"[30, 40, 20]",385,385,"[40, 20]"
two_level,30,"[30, 41, 20]",169,169,"[41, 20]"
two_level,30,"[30, 41, 48]",48,48,"[41, 48]"
two_level,30,"[30, 41, 52]",3,3,"[41, 52]"
two_level,30,"[30, 41, 60]",2,2,"[41, 60]"
two_level,30,"[30, 42, 20]",212,212,"[42, 20]"
two_level,30,"[30, 42, 24]",9,9,"[42, 24]"
two_level,30,"[30, 43, 24]",1,1,"[43, 24]"
two_level,30,"[30, 43, 48]",4,4,"[43, 48]"
two_level,30,"[30, 43, 52]",4,4,"[43, 52]"
two_level,30,"[30, 44, 24]",21,21,"[44, 24]"
two_level,30,"[30, 45, 20]",89,89,"[45, 20]"
two_level,30,"[30, 45, 60]",2,2,"[45, 60]"
two_level,30,"[30, 46, 24]",16,16,"[46, 24]"
two_level,30,"[30, 46, 44]",1,1,"[46, 44]"
two_level,30,"[30, 47, 48]",2,2,"[47, 48]"
two_level,30,"[30, 48, 24]",16,16,"[48, 24]"
two_level,30,"[30, 49, 24]",7,7,"[49, 24]"
two_level,30,"[30, 49, 48]",2,2,"[49, 48]"
two_level,30,"[30, 49, 52]",3,3,"[49, 52]"
two_level,30,"[30, 49, 60]",2,2,"[49, 60]"
two_level,30,"[30, 50, 24]",16,16,"[50, 24]"
two_level,30,"[30, 50, 44]",1,1,"[50, 44]"
two_level,30,"[30, 50, 48]",2,2,"[50, 48]"
two_level,30,"[30, 50, 60]",1,1,"[50, 60]"
two_level,30,"[30, 51, 44]",1,1,"[51, 44]"
two_level,30,"[30, 51, 60]",2,2,"[51, 60]"
two_level,30,"[30, 52, 28]",9,9,"[52, 28]"
two_level,30,"[30, 53, 60]",2,2,"[53, 60]"
two_level,30,"[30, 54, 28]",9,9,"[54, 28]"
two_level,30,"[30, 54, 48]",3,3,"[54, 48]"
two_level,30,"[30, 55, 48]",3,3,"[55, 48]"
two_level,30,"[30, 56, 28]",1,1,"[56, 28]"
two_level,30,"[30, 57, 60]",2,2,"[57, 60]"
two_level,30,"[30, 58, 28]",1,1,"[58, 28]"
two_level,30,"[30, 59, 60]",2,2,"[59, 60]"
two_level,30,"[30, 59, 64]",2,2,"[59, 64]"
two_level,30,"[30, 60, 32]",18,18,"[60, 32]"
two_level,30,"[30, 61, 60]",6,6,"[61, 60]"
two_level,30,"[30, 62, 32]",18,18,"[62, 32]"
two_level,30,"[30, 63, 60]",6,6,"[63, 60]"
two_level,30,"[30, 63, 64]",2,2,"[63, 64]"
two_level,30,"[30, 63, 68]",2,2,"[63, 68]"
two_level,30,"[30, 64, 32]",2,2,"[64, 32]"
two_level,30,"[30, 64, 60]",7,7,"[64, 60]"
two_level,30,"[30, 65, 60]",8,8,"[65, 60]"
two_level,30,"[30, 65, 64]",6,6,"[65, 64]"
two_level,30,"[30, 66, 32]",2,2,"[66, 32]"
two_level,30,"[30, 66, 64]",2,2,"[66, 64]"
two_level,30,"[30, 67, 64]",10,10,"[67, 64]"
two_level,30,"[30, 68, 36]",2,2,"[68, 36]"
two_level,30,"[30, 68, 64]",10,10,"[68, 64]"
two_level,30,"[30, 69, 64]",5,5,"[69, 64]"
two_level,30,"[30, 69, 68]",1,1,"[69, 68]"
two_level,30,"[30, 70, 36]",2,2,"[70, 36]"
two_level,30,"[30, 70, 64]",6,6,"[70, 64]"
two_level,30,"[30, 71, 64]",1,1,"[71, 64]"
two_level,30,"[30, 71, 68]",2,2,"[71, 68]"
two_level,30,"[30, 72, 36]",3,3,"[72, 36]"
two_level,30,"[30, 72, 68]",9,9,"[72, 68]"
two_level,30,"[30, 73, 68]",6,6,"[73, 68]"
two_level,30,"[30, 73, 72]",2,2,"[73, 72]"
two_level,30,"[30, 74, 36]",3,3,"[74, 36]"
two_level,30,"[30, 75, 72]",7,7,"[75, 72]"
two_level,30,"[30, 76, 40]",7,7,"[76, 40]"
two_level,30,"[30, 77, 68]",2,2,"[77, 68]"
two_level,30,"[30, 77, 72]",4,4,"[77, 72]"
two_level,30,"[30, 78, 40]",7,7,"[78, 40]"
two_level,30,"[30, 78, 72]",2,2,"[78, 72]"
two_level,30,"[30, 79, 64]",1,1,"[79, 64]"
two_level,30,"[30, 79, 72]",5,5,"[79, 72]"
two_level,30,"[30, 80, 40]",10,10,"[80, 40]"
two_level,30,"[30, 81, 72]",2,2,"[81, 72]"
two_level,30,"[30, 82, 40]",10,10,"[82, 40]"
two_level,30,"[30, 82, 44]",1,1,"[82, 44]"
two_level,30,"[30, 83, 72]",9,9,"[83, 72]"
two_level,30,"[30, 84, 44]",7,7,"[84, 44]"
two_level,30,"[30, 84, 72]",1,1,"[84, 72]"
two_level,30,"[30, 85, 72]",2,2,"[85, 72]"
two_level,30,"[30, 86, 44]",7,7,"[86, 44]"
two_level,30,"[30, 87, 44]",1,1,"[87, 44]"
two_level,30,"[30, 87, 72]",7,7,"[87, 72]"
two_level,30,"[30, 88, 44]",15,15,"[88, 44]"
two_level,30,"[30, 88, 72]",3,3,"[88, 72]"
two_level,30,"[30, 89, 44]",2,2,"[89, 44]"
two_level,30,"[30, 89, 72]",3,3,"[89, 72]"
two_level,30,"[30, 90, 44]",16,16,"[90, 44]"
two_level,30,"[30, 90, 48]",4,4,"[90, 48]"
two_level,30,"[30, 91, 48]",3,3,"[91, 48]"
two_level,30,"[30, 91, 72]",6,6,"[91, 72]"
two_level,30,"[30, 92, 48]",133,133,"[92, 48]"
two_level,30,"[30, 93, 72]",9,9,"[93, 72]"
two_level,30,"[30, 94, 48]",130,130,"[94, 48]"
two_level,30,"[30, 94, 52]",38,38,"[94, 52]"
two_level,30,"[30, 94, 72]",12,12,"[94, 72]"
two_level,30,"[30, 95, 48]",4,4,"[95, 48]"
two_level,30,"[30, 95, 68]",4,4,"[95, 68]"
two_level,30,"[30, 95, 72]",40,40,"[95, 72]"
two_level,30,"[30, 96, 48]",76,76,"[96, 48]"
two_level,30,"[30, 96, 56]",3,3,"[96, 56]"
two_level,30,"[30, 96, 72]",18,18,"[96, 72]"
two_level,30,"[30, 97, 48]",8,8,"[97, 48]"
two_level,30,"[30, 97, 68]",10,10,"[97, 68]"
two_level,30,"[30, 97, 72]",51,51,"[97, 72]"
two_level,30,"[30, 98, 48]",79,79,"[98, 48]"
two_level,30,"[30, 98, 52]",7,7,"[98, 52]"
two_level,30,"[30, 98, 68]",3,3,"[98, 68]"
two_level,30,"[30, 98, 72]",33,33,"[98, 72]"
two_level,30,"[30, 99, 48]",39,39,"[99, 48]"
two_level,30,"[30, 99, 52]",2,2,"[99, 52]"
two_level,30,"[30, 99, 68]",10,10,"[99, 68]"
two_level,30,"[30, 99, 72]",85,85,"[99, 72]"
two_level,30,"[30, 100, 52]",15,15,"[100, 52]"
two_level,30,"[30, 100, 68]",5,5,"[100, 68]"
two_level,30,"[30, 100, 72]",37,37,"[100, 72]"
two_level,30,"[30, 101, 48]",77,77,"[101, 48]"
two_level,30,"[30, 101, 68]",10,10,"[101, 68]"
two_level,30,"[30, 101, 72]",119,119,"[101, 72]"
two_level,30,"[30, 102, 52]",14,14,"[102, 52]"
two_level,30,"[30, 102, 56]",3,3,"[102, 56]"
two_level,30,"[30, 102, 68]",7,7,"[102, 68]"
two_level,30,"[30, 102, 72]",69,69,"[102, 72]"
two_level,30,"[30, 103, 52]",7,7,"[103, 52]"
two_level,30,"[30, 103, 68]",43,43,"[103, 68]"
two_level,30,"[30, 103, 72]",187,187,"[103, 72]"
two_level,30,"[30, 104, 52]",1,1,"[104, 52]"
two_level,30,"[30, 104, 68]",55,55,"[104, 68]"
two_level,30,"[30, 104, 72]",142,142,"[104, 72]"
two_level,30,"[30, 104, 76]",1,1,"[104, 76]"
two_level,30,"[30, 105, 52]",13,13,"[105, 52]"
two_level,30,"[30, 105, 68]",30,30,"[105, 68]"
two_level,30,"[30, 105, 72]",295,295,"[105, 72]"
two_level,30,"[30, 105, 76]",1,1,"[105, 76]"
two_level,30,"[30, 106, 52]",1,1,"[106, 52]"
two_level,30,"[30, 106, 68]",80,80,"[106, 68]"
two_level,30,"[30, 106, 72]",270,270,"[106, 72]"
two_level,30,"[30, 106, 76]",1,1,"[106, 76]"
two_level,30,"[30, 107, 52]",3,3,"[107, 52]"
two_level,30,"[30, 107, 68]",41,41,"[107, 68]"
two_level,30,"[30, 107, 72]",564,564,"[107, 72]"
two_level,30,"[30, 107, 76]",5,5,"[107, 76]"
two_level,30,"[30, 108, 56]",3,3,"[108, 56]"
two_level,30,"[30, 108, 68]",84,84,"[108, 68]"
two_level,30,"[30, 108, 72]",479,479,"[108, 72]"
two_level,30,"[30, 108, 76]",4,4,"[108, 76]"
two_level,30,"[30, 109, 52]",6,6,"[109, 52]"
two_level,30,"[30, 109, 68]",75,75,"[109, 68]"
two_level,30,"[30, 109, 72]",964,964,"[109, 72]"
two_level,30,"[30, 109, 76]",15,15,"[109, 76]"
two_level,30,"[30, 110, 68]",2,2,"[110, 68]"
two_level,30,"[30, 110, 72]",774,774,"[110, 72]"
two_level,30,"[30, 110, 76]",16,16,"[110, 76]"
two_level,30,"[30, 111, 68]",16,16,"[111, 68]"
two_level,30,"[30, 111, 72]",1440,1440,"[111, 72]"
two_level,30,"[30, 111, 76]",29,29,"[111, 76]"
two_level,30,"[30, 112, 60]",1,1,"[112, 60]"
two_level,30,"[30, 112, 64]",2,2,"[112, 64]"
two_level,30,"[30, 112, 68]",3,3,"[112, 68]"
two_level,30,"[30, 112, 72]",1239,1239,"[112, 72]"
two_level,30,"[30, 112, 76]",47,47,"[112, 76]"
two_level,30,"[30, 113, 64]",3,3,"[113, 64]"
two_level,30,"[30, 113, 68]",10,10,"[113, 68]"
two_level,30,"[30, 113, 72]",1277,1277,"[113, 72]"
two_level,30,"[30, 113, 76]",5,5,"[113, 76]"
two_level,30,"[30, 114, 60]",2,2,"[114, 60]"
two_level,30,"[30, 114, 68]",4,4,"[114, 68]"
two_level,30,"[30, 114, 72]",522,522,"[114, 72]"
two_level,30,"[30, 114, 76]",23,23,"[114, 76]"
two_level,30,"[30, 115, 60]",2,2,"[115, 60]"
two_level,30,"[30, 115, 68]",2,2,"[115, 68]"
two_level,30,"[30, 115, 72]",305,305,"[115, 72]"
two_level,30,"[30, 116, 60]",2,2,"[116, 60]"
two_level,30,"[30, 116, 64]",4,4,"[116, 64]"
two_level,30,"[30, 116, 68]",1,1,"[116, 68]"
two_level,30,"[30, 116, 72]",343,343,"[116, 72]"
two_level,30,"[30, 116, 76]",3,3,"[116, 76]"
two_level,30,"[30, 117, 60]",2,2,"[117, 60]"
two_level,30,"[30, 117, 64]",2,2,"[117, 64]"
two_level,30,"[30, 117, 68]",2,2,"[117, 68]"
two_level,30,"[30, 117, 72]",2000,4287,"[117, 72]"
two_level,30,"[30, 117, 76]",23,23,"[117, 76]"
two_level,30,"[30, 118, 64]",8,8,"[118, 64]"
two_level,30,"[30, 118, 68]",6,6,"[118, 68]"
two_level,30,"[30, 118, 72]",243,243,"[118, 72]"
two_level,30,"[30, 118, 76]",305,305,"[118, 76]"
two_level,30,"[30, 119, 60]",7,7,"[119, 60]"
two_level,30,"[30, 119, 64]",3,3,"[119, 64]"
two_level,30,"[30, 119, 72]",116,116,"[119, 72]"
two_level,30,"[30, 119, 76]",118,118,"[119, 76]"
two_level,30,"[30, 120, 60]",16,16,"[120, 60]"
two_level,30,"[30, 120, 64]",8,8,"[120, 64]"
two_level,30,"[30, 120, 76]",5,5,"[120, 76]"
two_level,30,"[30, 121, 60]",4,4,"[121, 60]"
two_level,30,"[30, 121, 68]",6,6,"[121, 68]"
two_level,30,"[30, 121, 76]",21,21,"[121, 76]"
two_level,30,"[30, 122, 60]",13,13,"[122, 60]"
two_level,30,"[30, 122, 64]",8,8,"[122, 64]"
two_level,30,"[30, 122, 76]",37,37,"[122, 76]"
two_level,30,"[30, 123, 60]",4,4,"[123, 60]"
two_level,30,"[30, 123, 64]",8,8,"[123, 64]"
two_level,30,"[30, 123, 76]",30,30,"[123, 76]"
two_level,30,"[30, 124, 64]",21,21,"[124, 64]"
two_level,30,"[30, 125, 60]",26,26,"[125, 60]"
two_level,30,"[30, 125, 64]",14,14,"[125, 64]"
two_level,30,"[30, 126, 64]",32,32,"[126, 64]"
two_level,30,"[30, 127, 64]",10,10,"[127, 64]"
two_level,30,"[30, 128, 64]",7,7,"[128, 64]"
two_level,30,"[30, 128, 68]",1,1,"[128, 68]"
two_level,30,"[30, 129, 64]",38,38,"[129, 64]"
two_level,30,"[30, 130, 64]",12,12,"[130, 64]"
two_level,30,"[30, 132, 68]",8,8,"[132, 68]"
two_level,30,"[30, 133, 64]",8,8,"[133, 64]"
two_level,30,"[30, 133, 68]",3,3,"[133, 68]"
two_level,30,"[30, 134, 68]",34,34,"[134, 68]"
two_level,30,"[30, 134, 72]",4,4,"[134, 72]"
two_level,30,"[30, 135, 68]",2,2,"[135, 68]"
two_level,30,"[30, 136, 68]",34,34,"[136, 68]"
two_level,30,"[30, 136, 72]",2,2,"[136, 72]"
two_level,30,"[30, 137, 68]",33,33,"[137, 68]"
two_level,30,"[30, 138, 68]",57,57,"[138, 68]"
two_level,30,"[30, 138, 72]",24,24,"[138, 72]"
two_level,30,"[30, 139, 68]",21,21,"[139, 68]"
two_level,30,"[30, 139, 72]",5,5,"[139, 72]"
two_level,30,"[30, 140, 72]",1263,1263,"[140, 72]"
two_level,30,"[30, 140, 76]",1,1,"[140, 76]"
two_level,30,"[30, 141, 68]",101,101,"[141, 68]"
two_level,30,"[30, 141, 72]",363,363,"[141, 72]"
two_level,30,"[30, 142, 72]",1648,1648,"[142, 72]"
two_level,30,"[30, 143, 72]",16,16,"[143, 72]"
two_level,30,"[30, 144, 72]",2000,6343,"[144, 72]"
two_level,30,"[30, 144, 76]",1,1,"[144, 76]"
two_level,30,"[30, 145, 72]",1136,1136,"[145, 72]"
two_level,30,"[30, 146, 72]",2000,7166,"[146, 72]"
two_level,30,"[30, 146, 76]",9,9,"[146, 76]"
two_level,30,"[30, 147, 72]",10,10,"[147, 72]"
two_level,30,"[30, 148, 76]",39,39,"[148, 76]"
two_level,30,"[30, 149, 72]",943,943,"[149, 72]"
two_level,30,"[30, 149, 76]",6,6,"[149, 76]"
two_level,30,"[30, 150, 76]",161,161,"[150, 76]"
two_level,30,"[30, 152, 76]",1,1,"[152, 76]"
two_level,30,"[30, 153, 76]",97,97,"[153, 76]"
two_level,30,"[30, 155, 76]",2,2,"[155, 76]"
two_level,30,"[30, 157, 76]",30,30,"[157, 76]"
power_identity,30,"[30, 0]",2000,2138,[0]
power_identity,30,"[30, 4]",2000,16208,[4]
power_identity,30,"[30, 8]",2000,19945,[8]
power_identity,30,"[30, 12]",2000,25638,[12]
power_identity,30,"[30, 16]",2000,21981,[16]
power_identity,30,"[30, 20]",2000,22577,[20]
power_identity,30,"[30, 24]",2000,25607,[24]
power_identity,30,"[30, 28]",2000,20433,[28]
power_identity,30,"[30, 32]",2000,11670,[32]
power_identity,30,"[30, 36]",2000,5883,[36]
power_identity,30,"[30, 40]",2000,3759,[40]
power_identity,30,"[30, 44]",2000,2614,[44]
power_identity,30,"[30, 48]",2000,2634,[48]
power_identity,30,"[30, 52]",2000,3429,[52]
power_identity,30,"[30, 56]",2000,5665,[56]
power_identity,30,"[30, 60]",2000,6107,[60]
power_identity,30,"[30, 64]",2000,7065,[64]
power_identity,30,"[30, 68]",2000,7888,[68]
power_identity,30,"[30, 72]",2000,7119,[72]
power_identity,30,"[30, 76]",2000,5257,[76]
power_identity,30,"[30, 80]",2000,4518,[80]
power_identity,30,"[30, 84]",2000,3582,[84]
power_identity,30,"[30, 88]",2000,2490,[88]
power_identity,30,"[30, 92]",2000,3078,[92]
power_identity,30,"[30, 96]",1521,1521,[96]
power_identity,30,"[30, 100]",1016,1016,[100]
power_identity,30,"[30, 104]",389,389,[104]
power_identity,30,"[30, 108]",339,339,[108]
power_identity,30,"[30, 112]",44,44,[112]
power_identity,30,"[30, 116]",19,19,[116]
power_identity,30,"[30, 120]",24,24,[120]
power_identity,30,"[30, 124]",19,19,[124]
power_identity,30,"[30, 128]",34,34,[128]
power_identity,30,"[30, 132]",29,29,[132]
power_identity,30,"[30, 136]",57,57,[136]
power_identity,30,"[30, 140]",23,23,[140]
power_identity,30,"[30, 144]",67,67,[144]
power_identity,30,"[30, 148]",39,39,[148]
power_identity,30,"[30, 152]",53,53,[152]
power_identity,30,"[30, 156]",127,127,[156]
power_identity,30,"[30, 160]",104,104,[160]
power_identity,30,"[30, 164]",152,152,[164]
power_identity,30,"[30, 168]",198,198,[168]
power_identity,30,"[30, 172]",307,307,[172]
power_identity,30,"[30, 176]",393,393,[176]
power_identity,30,"[30, 180]",438,438,[180]
power_identity,30,"[30, 184]",533,533,[184]
power_identity,30,"[30, 188]",568,568,[188]
power_identity,30,"[30, 192]",639,639,[192]
power_identity,30,"[30, 196]",789,789,[196]
power_identity,30,"[30, 200]",923,923,[200]
power_identity,30,"[30, 204]",1018,1018,[204]
power_identity,30,"[30, 208]",1116,1116,[208]
power_identity,30,"[30, 212]",1199,1199,[212]
power_identity,30,"[30, 216]",1295,1295,[216]
power_identity,30,"[30, 220]",1247,1247,[220]
power_identity,30,"[30, 224]",1265,1265,[224]
power_identity,30,"[30, 228]",1111,1111,[228]
power_identity,30,"[30, 232]",831,831,[232]
power_identity,30,"[30, 236]",610,610,[236]
power_identity,30,"[30, 240]",358,358,[240]
power_identity,30,"[30, 244]",216,216,[244]
power_identity,30,"[30, 248]",137,137,[248]
power_identity,30,"[30, 252]",97,97,[252]
power_identity,30,"[30, 256]",70,70,[256]
power_identity,30,"[30, 260]",124,124,[260]
power_identity,30,"[30, 264]",193,193,[264]
power_identity,30,"[30, 268]",294,294,[268]
power_identity,30,"[30, 272]",488,488,[272]
power_identity,30,"[30, 276]",771,771,[276]
power_identity,30,"[30, 280]",1204,1204,[280]
power_identity,30,"[30, 284]",1454,1454,[284]
power_identity,30,"[30, 288]",1846,1846,[288]
power_identity,30,"[30, 292]",2000,2081,[292]
power_identity,30,"[30, 296]",2000,2207,[296]
power_identity,30,"[30, 300]",2000,2103,[300]
power_identity,30,"[30, 304]",2000,2005,[304]
power_identity,30,"[30, 308]",1576,1576,[308]
power_identity,30,"[30, 312]",1235,1235,[312]
power_identity,30,"[30, 316]",852,852,[316]
power_identity,30,"[30, 320]",512,512,[320]
power_identity,30,"[30, 324]",270,270,[324]
power_identity,30,"[30, 328]",148,148,[328]
power_identity,30,"[30, 332]",85,85,[332]
power_identity,30,"[30, 336]",41,41,[336]
power_identity,30,"[30, 340]",20,20,[340]
power_identity,30,"[30, 344]",12,12,[344]
power_identity,30,"[30, 348]",2,2,[348]
power_identity,30,"[30, 352]",2,2,[352]
power_identity,30,"[30, 356]",2,2,[356]
power_identity,30,"[30, 360]",2,2,[360]
power_sparse,30,"[30, 1, 0]",2000,6838,"[1, 0]"
power_sparse,30,"[30, 3, 0]",495,495,"[3, 0]"
power_sparse,30,"[30, 4, 0]",365,365,"[4, 0]"
power_sparse,30,"[30, 5, 0]",2000,13601,"[5, 0]"
power_sparse,30,"[30, 6, 0]",880,880,"[6, 0]"
power_sparse,30,"[30, 7, 0]",2000,21323,"[7, 0]"
power_sparse,30,"[30, 8, 0]",1891,1891,"[8, 0]"
power_sparse,30,"[30, 9, 0]",2000,27032,"[9, 0]"
power_sparse,30,"[30, 10, 0]",2000,5749,"[10, 0]"
power_sparse,30,"[30, 11, 0]",2000,22928,"[11, 0]"
power_sparse,30,"[30, 12, 0]",2000,4899,"[12, 0]"
power_sparse,30,"[30, 13, 0]",2000,25077,"[13, 0]"
power_sparse,30,"[30, 14, 0]",2000,10194,"[14, 0]"
power_sparse,30,"[30, 15, 0]",2000,10082,"[15, 0]"
power_sparse,30,"[30, 16, 0]",2000,2072,"[16, 0]"
power_sparse,30,"[30, 17, 0]",2000,13648,"[17, 0]"
power_sparse,30,"[30, 18, 0]",2000,4365,"[18, 0]"
power_sparse,30,"[30, 19, 0]",1343,1343,"[19, 0]"
power_sparse,30,"[30, 20, 0]",581,581,"[20, 0]"
power_sparse,30,"[30, 21, 0]",2000,2415,"[21, 0]"
power_sparse,30,"[30, 22, 0]",1050,1050,"[22, 0]"
power_sparse,30,"[30, 23, 0]",124,124,"[23, 0]"
power_sparse,30,"[30, 24, 0]",112,112,"[24, 0]"
power_sparse,30,"[30, 25, 0]",251,251,"[25, 0]"
power_sparse,30,"[30, 26, 0]",142,142,"[26, 0]"
power_sparse,30,"[30, 26, 64]",6,6,"[26, 64]"
power_sparse,30,"[30, 27, 0]",40,40,"[27, 0]"
power_sparse,30,"[30, 27, 64]",6,6,"[27, 64]"
power_sparse,30,"[30, 28, 0]",59,59,"[28, 0]"
power_sparse,30,"[30, 29, 0]",2000,4935,"[29, 0]"
power_sparse,30,"[30, 29, 64]",2000,11926,"[29, 64]"
power_sparse,30,"[30, 30, 0]",2000,10717,"[30, 0]"
power_sparse,30,"[30, 30, 64]",657,657,"[30, 64]"
power_sparse,30,"[30, 31, 0]",29,29,"[31, 0]"
power_sparse,30,"[30, 31, 64]",11,11,"[31, 64]"
power_sparse,30,"[30, 32, 0]",170,170,"[32, 0]"
power_sparse,30,"[30, 32, 64]",164,164,"[32, 64]"
power_sparse,30,"[30, 33, 0]",72,72,"[33, 0]"
power_sparse,30,"[30, 33, 64]",121,121,"[33, 64]"
power_sparse,30,"[30, 34, 0]",41,41,"[34, 0]"
power_sparse,30,"[30, 34, 64]",196,196,"[34, 64]"
power_sparse,30,"[30, 35, 0]",49,49,"[35, 0]"
power_sparse,30,"[30, 35, 64]",5,5,"[35, 64]"
power_sparse,30,"[30, 36, 0]",1,1,"[36, 0]"
power_sparse,30,"[30, 36, 64]",4,4,"[36, 64]"
power_sparse,30,"[30, 37, 0]",1809,1809,"[37, 0]"
power_sparse,30,"[30, 37, 64]",2000,17545,"[37, 64]"
power_sparse,30,"[30, 38, 0]",2000,5062,"[38, 0]"
power_sparse,30,"[30, 38, 64]",2000,8099,"[38, 64]"
power_sparse,30,"[30, 39, 0]",92,92,"[39, 0]"
power_sparse,30,"[30, 39, 64]",4,4,"[39, 64]"
power_sparse,30,"[30, 40, 0]",26,26,"[40, 0]"
power_sparse,30,"[30, 40, 64]",359,359,"[40, 64]"
power_sparse,30,"[30, 41, 0]",33,33,"[41, 0]"
power_sparse,30,"[30, 41, 64]",189,189,"[41, 64]"
power_sparse,30,"[30, 42, 0]",8,8,"[42, 0]"
power_sparse,30,"[30, 42, 64]",213,213,"[42, 64]"
power_sparse,30,"[30, 43, 0]",1,1,"[43, 0]"
power_sparse,30,"[30, 43, 64]",8,8,"[43, 64]"
power_sparse,30,"[30, 44, 64]",21,21,"[44, 64]"
power_sparse,30,"[30, 45, 0]",12,12,"[45, 0]"
power_sparse,30,"[30, 45, 64]",79,79,"[45, 64]"
power_sparse,30,"[30, 46, 0]",11,11,"[46, 0]"
power_sparse,30,"[30, 46, 64]",6,6,"[46, 64]"
power_sparse,30,"[30, 47, 0]",2,2,"[47, 0]"
power_sparse,30,"[30, 48, 64]",16,16,"[48, 64]"
power_sparse,30,"[30, 49, 0]",7,7,"[49, 0]"
power_sparse,30,"[30, 49, 64]",7,7,"[49, 64]"
power_sparse,30,"[30, 50, 0]",4,4,"[50, 0]"
power_sparse,30,"[30, 50, 64]",16,16,"[50, 64]"
power_sparse,30,"[30, 51, 0]",3,3,"[51, 0]"
power_sparse,30,"[30, 52, 64]",9,9,"[52, 64]"
power_sparse,30,"[30, 53, 64]",2,2,"[53, 64]"
power_sparse,30,"[30, 54, 0]",3,3,"[54, 0]"
power_sparse,30,"[30, 54, 64]",9,9,"[54, 64]"
power_sparse,30,"[30, 55, 0]",2,2,"[55, 0]"
power_sparse,30,"[30, 55, 64]",1,1,"[55, 64]"
power_sparse,30,"[30, 56, 64]",1,1,"[56, 64]"
power_sparse,30,"[30, 57, 0]",2,2,"[57, 0]"
power_sparse,30,"[30, 58, 64]",1,1,"[58, 64]"
power_sparse,30,"[30, 59, 64]",4,4,"[59, 64]"
power_sparse,30,"[30, 60, 64]",18,18,"[60, 64]"
power_sparse,30,"[30, 61, 64]",6,6,"[61, 64]"
power_sparse,30,"[30, 62, 64]",18,18,"[62, 64]"
power_sparse,30,"[30, 63, 64]",10,10,"[63, 64]"
power_sparse,30,"[30, 64, 64]",9,9,"[64, 64]"
power_sparse,30,"[30, 65, 64]",14,14,"[65, 64]"
power_sparse,30,"[30, 66, 64]",4,4,"[66, 64]"
power_sparse,30,"[30, 67, 64]",10,10,"[67, 64]"
power_sparse,30,"[30, 68, 64]",8,8,"[68, 64]"
power_sparse,30,"[30, 68, 128]",4,4,"[68, 128]"
power_sparse,30,"[30, 69, 64]",6,6,"[69, 64]"
power_sparse,30,"[30, 70, 64]",8,8,"[70, 64]"
power_sparse,30,"[30, 71, 64]",3,3,"[71, 64]"
power_sparse,30,"[30, 72, 64]",7,7,"[72, 64]"
power_sparse,30,"[30, 72, 128]",5,5,"[72, 128]"
power_sparse,30,"[30, 73, 64]",6,6,"[73, 64]"
power_sparse,30,"[30, 73, 128]",2,2,"[73, 128]"
power_sparse,30,"[30, 74, 64]",3,3,"[74, 64]"
power_sparse,30,"[30, 75, 64]",7,7,"[75, 64]"
power_sparse,30,"[30, 76, 64]",7,7,"[76, 64]"
power_sparse,30,"[30, 77, 64]",6,6,"[77, 64]"
power_sparse,30,"[30, 78, 64]",8,8,"[78, 64]"
power_sparse,30,"[30, 78, 128]",1,1,"[78, 128]"
power_sparse,30,"[30, 79, 64]",1,1,"[79, 64]"
power_sparse,30,"[30, 79, 128]",5,5,"[79, 128]"
power_sparse,30,"[30, 80, 128]",10,10,"[80, 128]"
power_sparse,30,"[30, 81, 128]",2,2,"[81, 128]"
power_sparse,30,"[30, 82, 64]",10,10,"[82, 64]"
power_sparse,30,"[30, 82, 128]",1,1,"[82, 128]"
power_sparse,30,"[30, 83, 64]",2,2,"[83, 64]"
power_sparse,30,"[30, 83, 128]",7,7,"[83, 128]"
power_sparse,30,"[30, 84, 128]",8,8,"[84, 128]"
power_sparse,30,"[30, 85, 128]",2,2,"[85, 128]"
power_sparse,30,"[30, 86, 64]",6,6,"[86, 64]"
power_sparse,30,"[30, 86, 128]",1,1,"[86, 128]"
power_sparse,30,"[30, 87, 64]",1,1,"[87, 64]"
power_sparse,30,"[30, 87, 128]",7,7,"[87, 128]"
power_sparse,30,"[30, 88, 128]",18,18,"[88, 128]"
power_sparse,30,"[30, 89, 64]",1,1,"[89, 64]"
power_sparse,30,"[30, 89, 128]",4,4,"[89, 128]"
power_sparse,30,"[30, 90, 64]",7,7,"[90, 64]"
power_sparse,30,"[30, 90, 128]",12,12,"[90, 128]"
power_sparse,30,"[30, 90, 192]",1,1,"[90, 192]"
power_sparse,30,"[30, 91, 128]",8,8,"[91, 128]"
power_sparse,30,"[30, 91, 192]",1,1,"[91, 192]"
power_sparse,30,"[30, 92, 64]",2,2,"[92, 64]"
power_sparse,30,"[30, 92, 128]",45,45,"[92, 128]"
power_sparse,30,"[30, 92, 192]",86,86,"[92, 192]"
power_sparse,30,"[30, 93, 128]",8,8,"[93, 128]"
power_sparse,30,"[30, 93, 192]",1,1,"[93, 192]"
power_sparse,30,"[30, 94, 64]",41,41,"[94, 64]"
power_sparse,30,"[30, 94, 128]",101,101,"[94, 128]"
power_sparse,30,"[30, 94, 192]",38,38,"[94, 192]"
power_sparse,30,"[30, 95, 0]",4,4,"[95, 0]"
power_sparse,30,"[30, 95, 128]",43,43,"[95, 128]"
power_sparse,30,"[30, 95, 192]",1,1,"[95, 192]"
power_sparse,30,"[30, 96, 128]",80,80,"[96, 128]"
power_sparse,30,"[30, 96, 192]",17,17,"[96, 192]"
power_sparse,30,"[30, 97, 0]",4,4,"[97, 0]"
power_sparse,30,"[30, 97, 64]",2,2,"[97, 64]"
power_sparse,30,"[30, 97, 128]",59,59,"[97, 128]"
power_sparse,30,"[30, 97, 192]",4,4,"[97, 192]"
power_sparse,30,"[30, 98, 64]",1,1,"[98, 64]"
power_sparse,30,"[30, 98, 128]",109,109,"[98, 128]"
power_sparse,30,"[30, 98, 192]",12,12,"[98, 192]"
power_sparse,30,"[30, 99, 64]",39,39,"[99, 64]"
power_sparse,30,"[30, 99, 128]",91,91,"[99, 128]"
power_sparse,30,"[30, 99, 192]",6,6,"[99, 192]"
power_sparse,30,"[30, 100, 128]",40,40,"[100, 128]"
power_sparse,30,"[30, 100, 192]",17,17,"[100, 192]"
power_sparse,30,"[30, 101, 64]",38,38,"[101, 64]"
power_sparse,30,"[30, 101, 128]",103,103,"[101, 128]"
power_sparse,30,"[30, 101, 192]",65,65,"[101, 192]"
power_sparse,30,"[30, 102, 128]",71,71,"[102, 128]"
power_sparse,30,"[30, 102, 192]",22,22,"[102, 192]"
power_sparse,30,"[30, 103, 64]",6,6,"[103, 64]"
power_sparse,30,"[30, 103, 128]",177,177,"[103, 128]"
power_sparse,30,"[30, 103, 192]",54,54,"[103, 192]"
power_sparse,30,"[30, 104, 128]",129,129,"[104, 128]"
power_sparse,30,"[30, 104, 192]",70,70,"[104, 192]"
power_sparse,30,"[30, 105, 64]",6,6,"[105, 64]"
power_sparse,30,"[30, 105, 128]",180,180,"[105, 128]"
power_sparse,30,"[30, 105, 192]",153,153,"[105, 192]"
power_sparse,30,"[30, 106, 128]",164,164,"[106, 128]"
power_sparse,30,"[30, 106, 192]",188,188,"[106, 192]"
power_sparse,30,"[30, 107, 64]",3,3,"[107, 64]"
power_sparse,30,"[30, 107, 128]",224,224,"[107, 128]"
power_sparse,30,"[30, 107, 192]",386,386,"[107, 192]"
power_sparse,30,"[30, 108, 128]",200,200,"[108, 128]"
power_sparse,30,"[30, 108, 192]",370,370,"[108, 192]"
power_sparse,30,"[30, 109, 64]",5,5,"[109, 64]"
power_sparse,30,"[30, 109, 128]",384,384,"[109, 128]"
power_sparse,30,"[30, 109, 192]",671,671,"[109, 192]"
power_sparse,30,"[30, 110, 128]",156,156,"[110, 128]"
power_sparse,30,"[30, 110, 192]",636,636,"[110, 192]"
power_sparse,30,"[30, 111, 64]",2,2,"[111, 64]"
power_sparse,30,"[30, 111, 128]",448,448,"[111, 128]"
power_sparse,30,"[30, 111, 192]",1034,1034,"[111, 192]"
power_sparse,30,"[30, 111, 256]",1,1,"[111, 256]"
power_sparse,30,"[30, 112, 64]",1,1,"[112, 64]"
power_sparse,30,"[30, 112, 128]",205,205,"[112, 128]"
power_sparse,30,"[30, 112, 192]",1086,1086,"[112, 192]"
power_sparse,30,"[30, 113, 128]",43,43,"[113, 128]"
power_sparse,30,"[30, 113, 192]",1252,1252,"[113, 192]"
power_sparse,30,"[30, 114, 64]",2,2,"[114, 64]"
power_sparse,30,"[30, 114, 128]",19,19,"[114, 128]"
power_sparse,30,"[30, 114, 192]",527,527,"[114, 192]"
power_sparse,30,"[30, 114, 256]",3,3,"[114, 256]"
power_sparse,30,"[30, 115, 128]",7,7,"[115, 128]"
power_sparse,30,"[30, 115, 192]",302,302,"[115, 192]"
power_sparse,30,"[30, 116, 192]",347,347,"[116, 192]"
power_sparse,30,"[30, 116, 256]",6,6,"[116, 256]"
power_sparse,30,"[30, 117, 64]",2,2,"[117, 64]"
power_sparse,30,"[30, 117, 128]",7,7,"[117, 128]"
power_sparse,30,"[30, 117, 192]",2000,4295,"[117, 192]"
power_sparse,30,"[30, 117, 256]",12,12,"[117, 256]"
power_sparse,30,"[30, 118, 192]",551,551,"[118, 192]"
power_sparse,30,"[30, 118, 256]",11,11,"[118, 256]"
power_sparse,30,"[30, 119, 64]",4,4,"[119, 64]"
power_sparse,30,"[30, 119, 128]",2,2,"[119, 128]"
power_sparse,30,"[30, 119, 192]",229,229,"[119, 192]"
power_sparse,30,"[30, 119, 256]",9,9,"[119, 256]"
power_sparse,30,"[30, 120, 0]",2,2,"[120, 0]"
power_sparse,30,"[30, 120, 64]",4,4,"[120, 64]"
power_sparse,30,"[30, 120, 128]",3,3,"[120, 128]"
power_sparse,30,"[30, 120, 192]",16,16,"[120, 192]"
power_sparse,30,"[30, 120, 256]",4,4,"[120, 256]"
power_sparse,30,"[30, 121, 0]",2,2,"[121, 0]"
power_sparse,30,"[30, 121, 192]",23,23,"[121, 192]"
power_sparse,30,"[30, 121, 256]",6,6,"[121, 256]"
power_sparse,30,"[30, 122, 0]",2,2,"[122, 0]"
power_sparse,30,"[30, 122, 128]",11,11,"[122, 128]"
power_sparse,30,"[30, 122, 192]",41,41,"[122, 192]"
power_sparse,30,"[30, 122, 256]",4,4,"[122, 256]"
power_sparse,30,"[30, 123, 64]",4,4,"[123, 64]"
power_sparse,30,"[30, 123, 128]",1,1,"[123, 128]"
power_sparse,30,"[30, 123, 192]",31,31,"[123, 192]"
power_sparse,30,"[30, 123, 256]",6,6,"[123, 256]"
power_sparse,30,"[30, 124, 192]",6,6,"[124, 192]"
power_sparse,30,"[30, 124, 256]",9,9,"[124, 256]"
power_sparse,30,"[30, 124, 320]",6,6,"[124, 320]"
power_sparse,30,"[30, 125, 0]",2,2,"[125, 0]"
power_sparse,30,"[30, 125, 64]",10,10,"[125, 64]"
power_sparse,30,"[30, 125, 128]",4,4,"[125, 128]"
power_sparse,30,"[30, 125, 192]",6,6,"[125, 192]"
power_sparse,30,"[30, 125, 256]",18,18,"[125, 256]"
power_sparse,30,"[30, 126, 128]",11,11,"[126, 128]"
power_sparse,30,"[30, 126, 192]",11,11,"[126, 192]"
power_sparse,30,"[30, 126, 256]",8,8,"[126, 256]"
power_sparse,30,"[30, 126, 320]",2,2,"[126, 320]"
power_sparse,30,"[30, 127, 64]",4,4,"[127, 64]"
power_sparse,30,"[30, 127, 128]",2,2,"[127, 128]"
power_sparse,30,"[30, 127, 256]",2,2,"[127, 256]"
power_sparse,30,"[30, 127, 320]",2,2,"[127, 320]"
power_sparse,30,"[30, 128, 128]",2,2,"[128, 128]"
power_sparse,30,"[30, 128, 192]",2,2,"[128, 192]"
power_sparse,30,"[30, 128, 256]",4,4,"[128, 256]"
power_sparse,30,"[30, 129, 64]",10,10,"[129, 64]"
power_sparse,30,"[30, 129, 128]",6,6,"[129, 128]"
power_sparse,30,"[30, 129, 192]",4,4,"[129, 192]"
power_sparse,30,"[30, 129, 256]",18,18,"[129, 256]"
power_sparse,30,"[30, 130, 128]",9,9,"[130, 128]"
power_sparse,30,"[30, 130, 256]",3,3,"[130, 256]"
power_sparse,30,"[30, 132, 128]",2,2,"[132, 128]"
power_sparse,30,"[30, 132, 256]",6,6,"[132, 256]"
power_sparse,30,"[30, 133, 128]",2,2,"[133, 128]"
power_sparse,30,"[30, 133, 192]",7,7,"[133, 192]"
power_sparse,30,"[30, 133, 256]",2,2,"[133, 256]"
power_sparse,30,"[30, 134, 128]",2,2,"[134, 128]"
power_sparse,30,"[30, 134, 192]",20,20,"[134, 192]"
power_sparse,30,"[30, 134, 256]",16,16,"[134, 256]"
power_sparse,30,"[30, 135, 256]",2,2,"[135, 256]"
power_sparse,30,"[30, 136, 192]",10,10,"[136, 192]"
power_sparse,30,"[30, 136, 256]",26,26,"[136, 256]"
power_sparse,30,"[30, 137, 128]",2,2,"[137, 128]"
power_sparse,30,"[30, 137, 192]",3,3,"[137, 192]"
power_sparse,30,"[30, 137, 256]",28,28,"[137, 256]"
power_sparse,30,"[30, 138, 192]",8,8,"[138, 192]"
power_sparse,30,"[30, 138, 256]",72,72,"[138, 256]"
power_sparse,30,"[30, 138, 320]",1,1,"[138, 320]"
power_sparse,30,"[30, 139, 192]",1,1,"[139, 192]"
power_sparse,30,"[30, 139, 256]",24,24,"[139, 256]"
power_sparse,30,"[30, 139, 320]",1,1,"[139, 320]"
power_sparse,30,"[30, 140, 192]",46,46,"[140, 192]"
power_sparse,30,"[30, 140, 256]",1198,1198,"[140, 256]"
power_sparse,30,"[30, 140, 320]",20,20,"[140, 320]"
power_sparse,30,"[30, 141, 192]",3,3,"[141, 192]"
power_sparse,30,"[30, 141, 256]",441,441,"[141, 256]"
power_sparse,30,"[30, 141, 320]",20,20,"[141, 320]"
power_sparse,30,"[30, 142, 192]",17,17,"[142, 192]"
power_sparse,30,"[30, 142, 256]",1594,1594,"[142, 256]"
power_sparse,30,"[30, 142, 320]",37,37,"[142, 320]"
power_sparse,30,"[30, 143, 256]",16,16,"[143, 256]"
power_sparse,30,"[30, 144, 192]",17,17,"[144, 192]"
power_sparse,30,"[30, 144, 256]",2000,6025,"[144, 256]"
power_sparse,30,"[30, 144, 320]",302,302,"[144, 320]"
power_sparse,30,"[30, 145, 192]",6,6,"[145, 192]"
power_sparse,30,"[30, 145, 256]",1065,1065,"[145, 256]"
power_sparse,30,"[30, 145, 320]",65,65,"[145, 320]"
power_sparse,30,"[30, 146, 192]",12,12,"[146, 192]"
power_sparse,30,"[30, 146, 256]",2000,6743,"[146, 256]"
power_sparse,30,"[30, 146, 320]",420,420,"[146, 320]"
power_sparse,30,"[30, 147, 256]",9,9,"[147, 256]"
power_sparse,30,"[30, 147, 320]",1,1,"[147, 320]"
power_sparse,30,"[30, 148, 256]",32,32,"[148, 256]"
power_sparse,30,"[30, 148, 320]",7,7,"[148, 320]"
power_sparse,30,"[30, 149, 192]",3,3,"[149, 192]"
power_sparse,30,"[30, 149, 256]",844,844,"[149, 256]"
power_sparse,30,"[30, 149, 320]",102,102,"[149, 320]"
power_sparse,30,"[30, 150, 256]",132,132,"[150, 256]"
power_sparse,30,"[30, 150, 320]",29,29,"[150, 320]"
power_sparse,30,"[30, 152, 320]",1,1,"[152, 320]"
power_sparse,30,"[30, 153, 256]",95,95,"[153, 256]"
power_sparse,30,"[30, 153, 320]",2,2,"[153, 320]"
power_sparse,30,"[30, 155, 320]",2,2,"[155, 320]"
power_sparse,30,"[30, 157, 256]",30,30,"[157, 256]"
base_projlen,30,"[30, 1]",65,65,[1]
base_projlen,30,"[30, 3]",1027,1027,[3]
base_projlen,30,"[30, 4]",1707,1707,[4]
base_projlen,30,"[30, 5]",2000,11965,[5]
base_projlen,30,"[30, 6]",2000,15482,[6]
base_projlen,30,"[30, 7]",2000,30253,[7]
base_projlen,30,"[30, 8]",2000,29063,[8]
base_projlen,30,"[30, 9]",2000,30967,[9]
base_projlen,30,"[30, 10]",2000,12267,[10]
base_projlen,30,"[30, 11]",2000,5154,[11]
base_projlen,30,"[30, 12]",2000,2542,[12]
base_projlen,30,"[30, 13]",2000,17368,[13]
base_projlen,30,"[30, 14]",422,422,[14]
base_projlen,30,"[30, 15]",2000,16923,[15]
base_projlen,30,"[30, 16]",2000,11475,[16]
base_projlen,30,"[30, 17]",2000,19194,[17]
base_projlen,30,"[30, 18]",629,629,[18]
base_projlen,30,"[30, 19]",2000,19287,[19]
base_projlen,30,"[30, 20]",2000,13173,[20]
base_projlen,30,"[30, 21]",172,172,[21]
base_projlen,30,"[30, 22]",600,600,[22]
base_projlen,30,"[30, 23]",99,99,[23]
base_projlen,30,"[30, 24]",46,46,[24]
base_projlen,30,"[30, 25]",24,24,[25]
base_projlen,30,"[30, 26]",32,32,[26]
base_projlen,30,"[30, 27]",9,9,[27]
base_projlen,30,"[30, 28]",18,18,[28]
base_projlen,30,"[30, 29]",1,1,[29]
base_projlen,30,"[30, 30]",2,2,[30]
base_projlen,30,"[30, 31]",18,18,[31]
base_projlen,30,"[30, 32]",36,36,[32]
base_projlen,30,"[30, 33]",2,2,[33]
base_projlen,30,"[30, 34]",4,4,[34]
base_projlen,30,"[30, 35]",2,2,[35]
base_projlen,30,"[30, 36]",4,4,[36]
base_projlen,30,"[30, 37]",3,3,[37]
base_projlen,30,"[30, 38]",6,6,[38]
base_projlen,30,"[30, 39]",7,7,[39]
base_projlen,30,"[30, 40]",14,14,[40]
base_projlen,30,"[30, 41]",10,10,[41]
base_projlen,30,"[30, 42]",20,20,[42]
base_projlen,30,"[30, 43]",7,7,[43]
base_projlen,30,"[30, 44]",14,14,[44]
base_projlen,30,"[30, 45]",19,19,[45]
base_projlen,30,"[30, 46]",33,33,[46]
base_projlen,30,"[30, 47]",129,129,[47]
base_projlen,30,"[30, 48]",264,264,[48]
base_projlen,30,"[30, 49]",94,94,[49]
base_projlen,30,"[30, 50]",162,162,[50]
base_projlen,30,"[30, 51]",171,171,[51]
base_projlen,30,"[30, 52]",67,67,[52]
base_projlen,30,"[30, 53]",29,29,[53]
base_projlen,30,"[30, 54]",9,9,[54]
base_projlen,30,"[30, 55]",15,15,[55]
base_projlen,30,"[30, 56]",9,9,[56]
base_projlen,30,"[30, 61]",11,11,[61]
base_projlen,30,"[30, 62]",35,35,[62]
base_projlen,30,"[30, 63]",78,78,[63]
base_projlen,30,"[30, 64]",76,76,[64]
base_projlen,30,"[30, 65]",81,81,[65]
base_projlen,30,"[30, 66]",50,50,[66]
base_projlen,30,"[30, 67]",26,26,[67]
base_projlen,30,"[30, 68]",60,60,[68]
base_projlen,30,"[30, 69]",34,34,[69]
base_projlen,30,"[30, 70]",133,133,[70]
base_projlen,30,"[30, 71]",598,598,[71]
base_projlen,30,"[30, 72]",2000,4095,[72]
base_projlen,30,"[30, 73]",2000,3384,[73]
base_projlen,30,"[30, 74]",2000,19349,[74]
base_projlen,30,"[30, 75]",2000,6068,[75]
base_projlen,30,"[30, 76]",722,722,[76]
base_projlen,30,"[30, 77]",215,215,[77]
base_projlen,30,"[30, 78]",37,37,[78]
base_projlen,30,"[30, 79]",62,62,[79]
collapse_ratio,30,"[30, 25, 1]",2000,4308,"[25, 1]"
collapse_ratio,30,"[30, 50, 1]",812,812,"[50, 1]"
collapse_ratio,30,"[30, 100, 1]",1380,1380,"[100, 1]"
collapse_ratio,30,"[30, 100, 3]",8,8,"[100, 3]"
collapse_ratio,30,"[30, 125, 3]",67,67,"[125, 3]"
collapse_ratio,30,"[30, 125, 5]",2000,3850,"[125, 5]"
collapse_ratio,30,"[30, 150, 1]",273,273,"[150, 1]"
collapse_ratio,30,"[30, 175, 5]",2000,3149,"[175, 5]"
collapse_ratio,30,"[30, 175, 9]",1,1,"[175, 9]"
collapse_ratio,30,"[30, 200, 3]",235,235,"[200, 3]"
collapse_ratio,30,"[30, 200, 7]",2000,3923,"[200, 7]"
collapse_ratio,30,"[30, 200, 9]",3,3,"[200, 9]"
collapse_ratio,30,"[30, 200, 15]",1,1,"[200, 15]"
collapse_ratio,30,"[30, 200, 25]",1,1,"[200, 25]"
collapse_ratio,30,"[30, 225, 5]",1,1,"[225, 5]"
collapse_ratio,30,"[30, 225, 7]",25,25,"[225, 7]"
collapse_ratio,30,"[30, 225, 11]",10,10,"[225, 11]"
collapse_ratio,30,"[30, 225, 19]",1,1,"[225, 19]"
collapse_ratio,30,"[30, 250, 7]",2000,4358,"[250, 7]"
collapse_ratio,30,"[30, 250, 9]",2000,5265,"[250, 9]"
collapse_ratio,30,"[30, 250, 13]",15,15,"[250, 13]"
collapse_ratio,30,"[30, 250, 33]",2,2,"[250, 33]"
collapse_ratio,30,"[30, 275, 5]",1003,1003,"[275, 5]"
collapse_ratio,30,"[30, 275, 15]",9,9,"[275, 15]"
collapse_ratio,30,"[30, 275, 17]",1,1,"[275, 17]"
collapse_ratio,30,"[30, 275, 21]",1,1,"[275, 21]"
collapse_ratio,30,"[30, 300, 7]",190,190,"[300, 7]"
collapse_ratio,30,"[30, 300, 9]",1,1,"[300, 9]"
collapse_ratio,30,"[30, 300, 11]",2000,2949,"[300, 11]"
collapse_ratio,30,"[30, 300, 19]",18,18,"[300, 19]"
collapse_ratio,30,"[30, 300, 21]",2,2,"[300, 21]"
collapse_ratio,30,"[30, 325, 9]",2000,4524,"[325, 9]"
collapse_ratio,30,"[30, 325, 23]",1,1,"[325, 23]"
collapse_ratio,30,"[30, 325, 25]",2,2,"[325, 25]"
collapse_ratio,30,"[30, 325, 27]",6,6,"[325, 27]"
collapse_ratio,30,"[30, 325, 33]",2,2,"[325, 33]"
collapse_ratio,30,"[30, 325, 35]",7,7,"[325, 35]"
collapse_ratio,30,"[30, 325, 37]",1,1,"[325, 37]"
collapse_ratio,30,"[30, 325, 41]",2,2,"[325, 41]"
collapse_ratio,30,"[30, 350, 5]",1251,1251,"[350, 5]"
collapse_ratio,30,"[30, 350, 11]",3,3,"[350, 11]"
collapse_ratio,30,"[30, 350, 29]",10,10,"[350, 29]"
collapse_ratio,30,"[30, 350, 31]",6,6,"[350, 31]"
collapse_ratio,30,"[30, 350, 33]",7,7,"[350, 33]"
collapse_ratio,30,"[30, 350, 35]",41,41,"[350, 35]"
collapse_ratio,30,"[30, 350, 39]",2,2,"[350, 39]"
collapse_ratio,30,"[30, 350, 41]",3,3,"[350, 41]"
collapse_ratio,30,"[30, 350, 45]",2,2,"[350, 45]"
collapse_ratio,30,"[30, 375, 7]",1210,1210,"[375, 7]"
collapse_ratio,30,"[30, 375, 13]",531,531,"[375, 13]"
collapse_ratio,30,"[30, 375, 35]",1,1,"[375, 35]"
collapse_ratio,30,"[30, 375, 37]",59,59,"[375, 37]"
collapse_ratio,30,"[30, 375, 39]",6,6,"[375, 39]"
collapse_ratio,30,"[30, 375, 50]",1,1,"[375, 50]"
collapse_ratio,30,"[30, 400, 9]",144,144,"[400, 9]"
collapse_ratio,30,"[30, 400, 11]",2000,2276,"[400, 11]"
collapse_ratio,30,"[30, 400, 35]",1,1,"[400, 35]"
collapse_ratio,30,"[30, 400, 37]",8,8,"[400, 37]"
collapse_ratio,30,"[30, 400, 39]",86,86,"[400, 39]"
collapse_ratio,30,"[30, 400, 41]",48,48,"[400, 41]"
collapse_ratio,30,"[30, 400, 43]",4,4,"[400, 43]"
collapse_ratio,30,"[30, 400, 49]",2,2,"[400, 49]"
collapse_ratio,30,"[30, 400, 51]",2,2,"[400, 51]"
collapse_ratio,30,"[30, 400, 53]",2,2,"[400, 53]"
collapse_ratio,30,"[30, 425, 13]",6,6,"[425, 13]"
collapse_ratio,30,"[30, 425, 15]",151,151,"[425, 15]"
collapse_ratio,30,"[30, 425, 43]",4,4,"[425, 43]"
collapse_ratio,30,"[30, 425, 49]",3,3,"[425, 49]"
collapse_ratio,30,"[30, 450, 14]",1,1,"[450, 14]"
collapse_ratio,30,"[30, 450, 57]",2,2,"[450, 57]"
collapse_ratio,30,"[30, 450, 59]",4,4,"[450, 59]"
collapse_ratio,30,"[30, 450, 63]",2,2,"[450, 63]"
collapse_ratio,30,"[30, 475, 46]",1,1,"[475, 46]"
collapse_ratio,30,"[30, 475, 47]",2,2,"[475, 47]"
collapse_ratio,30,"[30, 475, 49]",1,1,"[475, 49]"
collapse_ratio,30,"[30, 475, 61]",6,6,"[475, 61]"
collapse_ratio,30,"[30, 475, 63]",2,2,"[475, 63]"
collapse_ratio,30,"[30, 475, 65]",2,2,"[475, 65]"
collapse_ratio,30,"[30, 475, 69]",1,1,"[475, 69]"
collapse_ratio,30,"[30, 500, 1]",65,65,"[500, 1]"
collapse_ratio,30,"[30, 500, 3]",185,185,"[500, 3]"
collapse_ratio,30,"[30, 500, 4]",365,365,"[500, 4]"
collapse_ratio,30,"[30, 500, 5]",2000,2993,"[500, 5]"
collapse_ratio,30,"[30, 500, 6]",510,510,"[500, 6]"
collapse_ratio,30,"[30, 500, 7]",1953,1953,"[500, 7]"
collapse_ratio,30,"[30, 500, 8]",412,412,"[500, 8]"
collapse_ratio,30,"[30, 500, 9]",1692,1692,"[500, 9]"
collapse_ratio,30,"[30, 500, 10]",626,626,"[500, 10]"
collapse_ratio,30,"[30, 500, 11]",82,82,"[500, 11]"
collapse_ratio,30,"[30, 500, 12]",18,18,"[500, 12]"
collapse_ratio,30,"[30, 500, 13]",577,577,"[500, 13]"
collapse_ratio,30,"[30, 500, 14]",2,2,"[500, 14]"
collapse_ratio,30,"[30, 500, 15]",1,1,"[500, 15]"
collapse_ratio,30,"[30, 500, 16]",3,3,"[500, 16]"
collapse_ratio,30,"[30, 500, 17]",34,34,"[500, 17]"
collapse_ratio,30,"[30, 500, 49]",1,1,"[500, 49]"
collapse_ratio,30,"[30, 500, 50]",2,2,"[500, 50]"
collapse_ratio,30,"[30, 500, 63]",6,6,"[500, 63]"
collapse_ratio,30,"[30, 500, 64]",7,7,"[500, 64]"
collapse_ratio,30,"[30, 500, 65]",12,12,"[500, 65]"
collapse_ratio,30,"[30, 500, 66]",2,2,"[500, 66]"
collapse_ratio,30,"[30, 500, 67]",10,10,"[500, 67]"
collapse_ratio,30,"[30, 500, 68]",10,10,"[500, 68]"
collapse_ratio,30,"[30, 500, 69]",5,5,"[500, 69]"
collapse_ratio,30,"[30, 500, 70]",2,2,"[500, 70]"
collapse_ratio,30,"[30, 500, 71]",2,2,"[500, 71]"
collapse_ratio,30,"[30, 500, 72]",3,3,"[500, 72]"
collapse_ratio,30,"[30, 500, 73]",2,2,"[500, 73]"
collapse_ratio,30,"[30, 500, 75]",7,7,"[500, 75]"
collapse_ratio,30,"[30, 525, 12]",73,73,"[525, 12]"
collapse_ratio,30,"[30, 525, 13]",112,112,"[525, 13]"
collapse_ratio,30,"[30, 525, 14]",1,1,"[525, 14]"
collapse_ratio,30,"[30, 525, 15]",63,63,"[525, 15]"
collapse_ratio,30,"[30, 525, 16]",3,3,"[525, 16]"
collapse_ratio,30,"[30, 525, 17]",5,5,"[525, 17]"
collapse_ratio,30,"[30, 525, 19]",2,2,"[525, 19]"
collapse_ratio,30,"[30, 525, 50]",1,1,"[525, 50]"
collapse_ratio,30,"[30, 525, 54]",3,3,"[525, 54]"
collapse_ratio,30,"[30, 525, 70]",4,4,"[525, 70]"
collapse_ratio,30,"[30, 525, 71]",1,1,"[525, 71]"
collapse_ratio,30,"[30, 525, 72]",6,6,"[525, 72]"
collapse_ratio,30,"[30, 525, 73]",6,6,"[525, 73]"
collapse_ratio,30,"[30, 525, 77]",4,4,"[525, 77]"
collapse_ratio,30,"[30, 525, 78]",2,2,"[525, 78]"
collapse_ratio,30,"[30, 525, 79]",5,5,"[525, 79]"
collapse_ratio,30,"[30, 550, 8]",493,493,"[550, 8]"
collapse_ratio,30,"[30, 550, 9]",2000,4029,"[550, 9]"
collapse_ratio,30,"[30, 550, 10]",1286,1286,"[550, 10]"
collapse_ratio,30,"[30, 550, 11]",844,844,"[550, 11]"
collapse_ratio,30,"[30, 550, 17]",25,25,"[550, 17]"
collapse_ratio,30,"[30, 550, 51]",1,1,"[550, 51]"
collapse_ratio,30,"[30, 550, 55]",3,3,"[550, 55]"
collapse_ratio,30,"[30, 550, 77]",2,2,"[550, 77]"
collapse_ratio,30,"[30, 550, 81]",2,2,"[550, 81]"
collapse_ratio,30,"[30, 550, 83]",3,3,"[550, 83]"
collapse_ratio,30,"[30, 550, 84]",1,1,"[550, 84]"
collapse_ratio,30,"[30, 550, 85]",2,2,"[550, 85]"
collapse_ratio,30,"[30, 575, 7]",2000,5455,"[575, 7]"
collapse_ratio,30,"[30, 575, 13]",207,207,"[575, 13]"
collapse_ratio,30,"[30, 575, 14]",19,19,"[575, 14]"
collapse_ratio,30,"[30, 575, 15]",71,71,"[575, 15]"
collapse_ratio,30,"[30, 575, 19]",6,6,"[575, 19]"
collapse_ratio,30,"[30, 575, 22]",1,1,"[575, 22]"
collapse_ratio,30,"[30, 575, 83]",6,6,"[575, 83]"
collapse_ratio,30,"[30, 575, 87]",3,3,"[575, 87]"
collapse_ratio,30,"[30, 575, 88]",3,3,"[575, 88]"
collapse_ratio,30,"[30, 600, 11]",2000,2204,"[600, 11]"
collapse_ratio,30,"[30, 600, 12]",86,86,"[600, 12]"
collapse_ratio,30,"[30, 600, 16]",16,16,"[600, 16]"
collapse_ratio,30,"[30, 600, 17]",3,3,"[600, 17]"
collapse_ratio,30,"[30, 600, 18]",2,2,"[600, 18]"
collapse_ratio,30,"[30, 600, 21]",4,4,"[600, 21]"
collapse_ratio,30,"[30, 600, 79]",1,1,"[600, 79]"
collapse_ratio,30,"[30, 600, 87]",4,4,"[600, 87]"
collapse_ratio,30,"[30, 600, 89]",3,3,"[600, 89]"
collapse_ratio,30,"[30, 600, 91]",2,2,"[600, 91]"
collapse_ratio,30,"[30, 625, 5]",785,785,"[625, 5]"
collapse_ratio,30,"[30, 625, 9]",2000,5034,"[625, 9]"
collapse_ratio,30,"[30, 625, 10]",310,310,"[625, 10]"
collapse_ratio,30,"[30, 625, 14]",189,189,"[625, 14]"
collapse_ratio,30,"[30, 625, 15]",178,178,"[625, 15]"
collapse_ratio,30,"[30, 625, 18]",8,8,"[625, 18]"
collapse_ratio,30,"[30, 625, 19]",4,4,"[625, 19]"
collapse_ratio,30,"[30, 625, 23]",1,1,"[625, 23]"
collapse_ratio,30,"[30, 625, 91]",4,4,"[625, 91]"
collapse_ratio,30,"[30, 625, 93]",9,9,"[625, 93]"
collapse_ratio,30,"[30, 625, 95]",2,2,"[625, 95]"
collapse_ratio,30,"[30, 625, 96]",2,2,"[625, 96]"
collapse_ratio,30,"[30, 650, 8]",986,986,"[650, 8]"
collapse_ratio,30,"[30, 650, 12]",161,161,"[650, 12]"
collapse_ratio,30,"[30, 650, 13]",874,874,"[650, 13]"
collapse_ratio,30,"[30, 650, 16]",100,100,"[650, 16]"
collapse_ratio,30,"[30, 650, 17]",18,18,"[650, 17]"
collapse_ratio,30,"[30, 650, 94]",12,12,"[650, 94]"
collapse_ratio,30,"[30, 650, 95]",42,42,"[650, 95]"
collapse_ratio,30,"[30, 650, 96]",16,16,"[650, 96]"
collapse_ratio,30,"[30, 650, 97]",51,51,"[650, 97]"
collapse_ratio,30,"[30, 650, 98]",13,13,"[650, 98]"
collapse_ratio,30,"[30, 650, 99]",5,5,"[650, 99]"
collapse_ratio,30,"[30, 650, 101]",8,8,"[650, 101]"
collapse_ratio,30,"[30, 650, 104]",1,1,"[650, 104]"
collapse_ratio,30,"[30, 675, 11]",2000,4075,"[675, 11]"
collapse_ratio,30,"[30, 675, 15]",293,293,"[675, 15]"
collapse_ratio,30,"[30, 675, 18]",7,7,"[675, 18]"
collapse_ratio,30,"[30, 675, 19]",16,16,"[675, 19]"
collapse_ratio,30,"[30, 675, 22]",1,1,"[675, 22]"
collapse_ratio,30,"[30, 675, 97]",10,10,"[675, 97]"
collapse_ratio,30,"[30, 675, 98]",21,21,"[675, 98]"
collapse_ratio,30,"[30, 675, 99]",90,90,"[675, 99]"
collapse_ratio,30,"[30, 675, 100]",37,37,"[675, 100]"
collapse_ratio,30,"[30, 675, 101]",39,39,"[675, 101]"
collapse_ratio,30,"[30, 675, 102]",47,47,"[675, 102]"
collapse_ratio,30,"[30, 675, 103]",55,55,"[675, 103]"
collapse_ratio,30,"[30, 675, 105]",1,1,"[675, 105]"
collapse_ratio,30,"[30, 675, 106]",1,1,"[675, 106]"
collapse_ratio,30,"[30, 675, 108]",3,3,"[675, 108]"
collapse_ratio,30,"[30, 700, 7]",2000,4022,"[700, 7]"
collapse_ratio,30,"[30, 700, 13]",2000,5201,"[700, 13]"
collapse_ratio,30,"[30, 700, 14]",1036,1036,"[700, 14]"
collapse_ratio,30,"[30, 700, 17]",147,147,"[700, 17]"
collapse_ratio,30,"[30, 700, 20]",4,4,"[700, 20]"
collapse_ratio,30,"[30, 700, 21]",3,3,"[700, 21]"
collapse_ratio,30,"[30, 700, 26]",1,1,"[700, 26]"
collapse_ratio,30,"[30, 700, 98]",2,2,"[700, 98]"
collapse_ratio,30,"[30, 700, 100]",5,5,"[700, 100]"
collapse_ratio,30,"[30, 700, 101]",82,82,"[700, 101]"
collapse_ratio,30,"[30, 700, 102]",27,27,"[700, 102]"
collapse_ratio,30,"[30, 700, 103]",132,132,"[700, 103]"
collapse_ratio,30,"[30, 700, 104]",142,142,"[700, 104]"
collapse_ratio,30,"[30, 700, 105]",217,217,"[700, 105]"
collapse_ratio,30,"[30, 700, 106]",217,217,"[700, 106]"
collapse_ratio,30,"[30, 700, 107]",372,372,"[700, 107]"
collapse_ratio,30,"[30, 700, 108]",4,4,"[700, 108]"
collapse_ratio,30,"[30, 700, 109]",15,15,"[700, 109]"
collapse_ratio,30,"[30, 700, 110]",16,16,"[700, 110]"
collapse_ratio,30,"[30, 700, 112]",9,9,"[700, 112]"
collapse_ratio,30,"[30, 725, 16]",25,25,"[725, 16]"
collapse_ratio,30,"[30, 725, 19]",28,28,"[725, 19]"
collapse_ratio,30,"[30, 725, 102]",2,2,"[725, 102]"
collapse_ratio,30,"[30, 725, 103]",43,43,"[725, 103]"
collapse_ratio,30,"[30, 725, 104]",55,55,"[725, 104]"
collapse_ratio,30,"[30, 725, 105]",106,106,"[725, 105]"
collapse_ratio,30,"[30, 725, 106]",122,122,"[725, 106]"
collapse_ratio,30,"[30, 725, 107]",197,197,"[725, 107]"
collapse_ratio,30,"[30, 725, 108]",408,408,"[725, 108]"
collapse_ratio,30,"[30, 725, 109]",892,892,"[725, 109]"
collapse_ratio,30,"[30, 725, 110]",659,659,"[725, 110]"
collapse_ratio,30,"[30, 725, 111]",153,153,"[725, 111]"
collapse_ratio,30,"[30, 725, 112]",74,74,"[725, 112]"
collapse_ratio,30,"[30, 725, 113]",5,5,"[725, 113]"
collapse_ratio,30,"[30, 725, 114]",10,10,"[725, 114]"
collapse_ratio,30,"[30, 750, 6]",370,370,"[750, 6]"
collapse_ratio,30,"[30, 750, 9]",2000,2769,"[750, 9]"
collapse_ratio,30,"[30, 750, 12]",2000,4561,"[750, 12]"
collapse_ratio,30,"[30, 750, 15]",1439,1439,"[750, 15]"
collapse_ratio,30,"[30, 750, 17]",768,768,"[750, 17]"
collapse_ratio,30,"[30, 750, 18]",139,139,"[750, 18]"
collapse_ratio,30,"[30, 750, 21]",5,5,"[750, 21]"
collapse_ratio,30,"[30, 750, 27]",3,3,"[750, 27]"
collapse_ratio,30,"[30, 750, 105]",2,2,"[750, 105]"
collapse_ratio,30,"[30, 750, 106]",11,11,"[750, 106]"
collapse_ratio,30,"[30, 750, 107]",39,39,"[750, 107]"
collapse_ratio,30,"[30, 750, 108]",152,152,"[750, 108]"
collapse_ratio,30,"[30, 750, 109]",145,145,"[750, 109]"
collapse_ratio,30,"[30, 750, 110]",115,115,"[750, 110]"
collapse_ratio,30,"[30, 750, 111]",1316,1316,"[750, 111]"
collapse_ratio,30,"[30, 750, 112]",1132,1132,"[750, 112]"
collapse_ratio,30,"[30, 750, 113]",1221,1221,"[750, 113]"
collapse_ratio,30,"[30, 750, 114]",462,462,"[750, 114]"
collapse_ratio,30,"[30, 750, 115]",237,237,"[750, 115]"
collapse_ratio,30,"[30, 750, 116]",3,3,"[750, 116]"
collapse_ratio,30,"[30, 750, 117]",23,23,"[750, 117]"
collapse_ratio,30,"[30, 750, 119]",88,88,"[750, 119]"
collapse_ratio,30,"[30, 750, 120]",2,2,"[750, 120]"
collapse_ratio,30,"[30, 775, 11]",2000,8250,"[775, 11]"
collapse_ratio,30,"[30, 775, 19]",130,130,"[775, 19]"
collapse_ratio,30,"[30, 775, 22]",27,27,"[775, 22]"
collapse_ratio,30,"[30, 775, 25]",2,2,"[775, 25]"
collapse_ratio,30,"[30, 775, 28]",3,3,"[775, 28]"
collapse_ratio,30,"[30, 775, 107]",2,2,"[775, 107]"
collapse_ratio,30,"[30, 775, 109]",2,2,"[775, 109]"
collapse_ratio,30,"[30, 775, 110]",1,1,"[775, 110]"
collapse_ratio,30,"[30, 775, 111]",16,16,"[775, 111]"
collapse_ratio,30,"[30, 775, 112]",71,71,"[775, 112]"
collapse_ratio,30,"[30, 775, 113]",65,65,"[775, 113]"
collapse_ratio,30,"[30, 775, 114]",73,73,"[775, 114]"
collapse_ratio,30,"[30, 775, 115]",68,68,"[775, 115]"
collapse_ratio,30,"[30, 775, 116]",212,212,"[775, 116]"
collapse_ratio,30,"[30, 775, 117]",2000,4284,"[775, 117]"
collapse_ratio,30,"[30, 775, 118]",548,548,"[775, 118]"
collapse_ratio,30,"[30, 775, 119]",146,146,"[775, 119]"
collapse_ratio,30,"[30, 775, 120]",3,3,"[775, 120]"
collapse_ratio,30,"[30, 775, 121]",21,21,"[775, 121]"
collapse_ratio,30,"[30, 775, 122]",3,3,"[775, 122]"
collapse_ratio,30,"[30, 775, 123]",30,30,"[775, 123]"
collapse_ratio,30,"[30, 800, 13]",2000,5170,"[800, 13]"
collapse_ratio,30,"[30, 800, 16]",1925,1925,"[800, 16]"
collapse_ratio,30,"[30, 800, 21]",52,52,"[800, 21]"
collapse_ratio,30,"[30, 800, 23]",6,6,"[800, 23]"
collapse_ratio,30,"[30, 800, 26]",1,1,"[800, 26]"
collapse_ratio,30,"[30, 800, 29]",11,11,"[800, 29]"
collapse_ratio,30,"[30, 800, 31]",1,1,"[800, 31]"
collapse_ratio,30,"[30, 800, 110]",1,1,"[800, 110]"
collapse_ratio,30,"[30, 800, 112]",3,3,"[800, 112]"
collapse_ratio,30,"[30, 800, 113]",1,1,"[800, 113]"
collapse_ratio,30,"[30, 800, 114]",4,4,"[800, 114]"
collapse_ratio,30,"[30, 800, 116]",131,131,"[800, 116]"
collapse_ratio,30,"[30, 800, 117]",3,3,"[800, 117]"
collapse_ratio,30,"[30, 800, 122]",34,34,"[800, 122]"
collapse_ratio,30,"[30, 825, 5]",569,569,"[825, 5]"
collapse_ratio,30,"[30, 825, 10]",2000,3527,"[825, 10]"
collapse_ratio,30,"[30, 825, 15]",2000,6316,"[825, 15]"
collapse_ratio,30,"[30, 825, 20]",577,577,"[825, 20]"
collapse_ratio,30,"[30, 825, 25]",9,9,"[825, 25]"
collapse_ratio,30,"[30, 825, 27]",16,16,"[825, 27]"
collapse_ratio,30,"[30, 825, 30]",17,17,"[825, 30]"
collapse_ratio,30,"[30, 825, 37]",1,1,"[825, 37]"
collapse_ratio,30,"[30, 825, 112]",2,2,"[825, 112]"
collapse_ratio,30,"[30, 825, 113]",3,3,"[825, 113]"
collapse_ratio,30,"[30, 825, 115]",2,2,"[825, 115]"
collapse_ratio,30,"[30, 825, 116]",1,1,"[825, 116]"
collapse_ratio,30,"[30, 825, 117]",2,2,"[825, 117]"
collapse_ratio,30,"[30, 825, 118]",2,2,"[825, 118]"
collapse_ratio,30,"[30, 850, 17]",912,912,"[850, 17]"
collapse_ratio,30,"[30, 850, 19]",822,822,"[850, 19]"
collapse_ratio,30,"[30, 850, 24]",112,112,"[850, 24]"
collapse_ratio,30,"[30, 850, 31]",18,18,"[850, 31]"
collapse_ratio,30,"[30, 850, 34]",5,5,"[850, 34]"
collapse_ratio,30,"[30, 850, 43]",1,1,"[850, 43]"
collapse_ratio,30,"[30, 850, 96]",3,3,"[850, 96]"
collapse_ratio,30,"[30, 850, 118]",4,4,"[850, 118]"
collapse_ratio,30,"[30, 875, 7]",187,187,"[875, 7]"
collapse_ratio,30,"[30, 875, 14]",2000,8946,"[875, 14]"
collapse_ratio,30,"[30, 875, 21]",82,82,"[875, 21]"
collapse_ratio,30,"[30, 875, 23]",97,97,"[875, 23]"
collapse_ratio,30,"[30, 875, 25]",19,19,"[875, 25]"
collapse_ratio,30,"[30, 875, 28]",56,56,"[875, 28]"
collapse_ratio,30,"[30, 875, 32]",334,334,"[875, 32]"
collapse_ratio,30,"[30, 875, 35]",2,2,"[875, 35]"
collapse_ratio,30,"[30, 875, 39]",2,2,"[875, 39]"
collapse_ratio,30,"[30, 875, 42]",9,9,"[875, 42]"
collapse_ratio,30,"[30, 875, 82]",1,1,"[875, 82]"
collapse_ratio,30,"[30, 875, 112]",1,1,"[875, 112]"
collapse_ratio,30,"[30, 875, 116]",4,4,"[875, 116]"
collapse_ratio,30,"[30, 875, 117]",2,2,"[875, 117]"
collapse_ratio,30,"[30, 875, 118]",4,4,"[875, 118]"
collapse_ratio,30,"[30, 875, 121]",6,6,"[875, 121]"
collapse_ratio,30,"[30, 900, 9]",2000,3570,"[900, 9]"
collapse_ratio,30,"[30, 900, 11]",2000,2235,"[900, 11]"
collapse_ratio,30,"[30, 900, 18]",2000,4209,"[900, 18]"
collapse_ratio,30,"[30, 900, 22]",1021,1021,"[900, 22]"
collapse_ratio,30,"[30, 900, 27]",10,10,"[900, 27]"
collapse_ratio,30,"[30, 900, 29]",18,18,"[900, 29]"
collapse_ratio,30,"[30, 900, 31]",5,5,"[900, 31]"
collapse_ratio,30,"[30, 900, 33]",5,5,"[900, 33]"
collapse_ratio,30,"[30, 900, 36]",5,5,"[900, 36]"
collapse_ratio,30,"[30, 900, 40]",385,385,"[900, 40]"
collapse_ratio,30,"[30, 900, 44]",21,21,"[900, 44]"
collapse_ratio,30,"[30, 900, 48]",16,16,"[900, 48]"
collapse_ratio,30,"[30, 900, 90]",4,4,"[900, 90]"
collapse_ratio,30,"[30, 900, 94]",38,38,"[900, 94]"
collapse_ratio,30,"[30, 900, 98]",6,6,"[900, 98]"
collapse_ratio,30,"[30, 900, 102]",3,3,"[900, 102]"
collapse_ratio,30,"[30, 900, 114]",2,2,"[900, 114]"
collapse_ratio,30,"[30, 900, 115]",2,2,"[900, 115]"
collapse_ratio,30,"[30, 900, 116]",2,2,"[900, 116]"
collapse_ratio,30,"[30, 900, 118]",4,4,"[900, 118]"
collapse_ratio,30,"[30, 900, 122]",4,4,"[900, 122]"
collapse_ratio,30,"[30, 900, 123]",4,4,"[900, 123]"
collapse_ratio,30,"[30, 900, 140]",1,1,"[900, 140]"
collapse_ratio,30,"[30, 925, 13]",2000,12384,"[925, 13]"
collapse_ratio,30,"[30, 925, 15]",1560,1560,"[925, 15]"
collapse_ratio,30,"[30, 925, 17]",2000,11735,"[925, 17]"
collapse_ratio,30,"[30, 925, 26]",146,146,"[925, 26]"
collapse_ratio,30,"[30, 925, 30]",2000,11357,"[925, 30]"
collapse_ratio,30,"[30, 925, 34]",232,232,"[925, 34]"
collapse_ratio,30,"[30, 925, 52]",9,9,"[925, 52]"
collapse_ratio,30,"[30, 925, 56]",1,1,"[925, 56]"
collapse_ratio,30,"[30, 925, 60]",18,18,"[925, 60]"
collapse_ratio,30,"[30, 925, 64]",2,2,"[925, 64]"
collapse_ratio,30,"[30, 925, 68]",2,2,"[925, 68]"
collapse_ratio,30,"[30, 925, 72]",3,3,"[925, 72]"
collapse_ratio,30,"[30, 925, 91]",3,3,"[925, 91]"
collapse_ratio,30,"[30, 925, 98]",1,1,"[925, 98]"
collapse_ratio,30,"[30, 925, 99]",2,2,"[925, 99]"
collapse_ratio,30,"[30, 925, 100]",1,1,"[925, 100]"
collapse_ratio,30,"[30, 925, 119]",10,10,"[925, 119]"
collapse_ratio,30,"[30, 925, 120]",8,8,"[925, 120]"
collapse_ratio,30,"[30, 925, 123]",4,4,"[925, 123]"
collapse_ratio,30,"[30, 925, 128]",1,1,"[925, 128]"
collapse_ratio,30,"[30, 925, 132]",2,2,"[925, 132]"
collapse_ratio,30,"[30, 925, 134]",4,4,"[925, 134]"
collapse_ratio,30,"[30, 925, 136]",2,2,"[925, 136]"
collapse_ratio,30,"[30, 925, 138]",7,7,"[925, 138]"
collapse_ratio,30,"[30, 925, 139]",2,2,"[925, 139]"
collapse_ratio,30,"[30, 925, 140]",2,2,"[925, 140]"
collapse_ratio,30,"[30, 925, 144]",1,1,"[925, 144]"
collapse_ratio,30,"[30, 950, 19]",316,316,"[950, 19]"
collapse_ratio,30,"[30, 950, 21]",2000,2266,"[950, 21]"
collapse_ratio,30,"[30, 950, 23]",19,19,"[950, 23]"
collapse_ratio,30,"[30, 950, 25]",218,218,"[950, 25]"
collapse_ratio,30,"[30, 950, 27]",11,11,"[950, 27]"
collapse_ratio,30,"[30, 950, 29]",2000,16822,"[950, 29]"
collapse_ratio,30,"[30, 950, 31]",10,10,"[950, 31]"
collapse_ratio,30,"[30, 950, 33]",177,177,"[950, 33]"
collapse_ratio,30,"[30, 950, 35]",2,2,"[950, 35]"
collapse_ratio,30,"[30, 950, 37]",2000,19285,"[950, 37]"
collapse_ratio,30,"[30, 950, 38]",2000,13161,"[950, 38]"
collapse_ratio,30,"[30, 950, 42]",212,212,"[950, 42]"
collapse_ratio,30,"[30, 950, 46]",16,16,"[950, 46]"
collapse_ratio,30,"[30, 950, 50]",16,16,"[950, 50]"
collapse_ratio,30,"[30, 950, 54]",9,9,"[950, 54]"
collapse_ratio,30,"[30, 950, 58]",1,1,"[950, 58]"
collapse_ratio,30,"[30, 950, 62]",18,18,"[950, 62]"
collapse_ratio,30,"[30, 950, 66]",2,2,"[950, 66]"
collapse_ratio,30,"[30, 950, 70]",2,2,"[950, 70]"
collapse_ratio,30,"[30, 950, 74]",3,3,"[950, 74]"
collapse_ratio,30,"[30, 950, 76]",7,7,"[950, 76]"
collapse_ratio,30,"[30, 950, 80]",10,10,"[950, 80]"
collapse_ratio,30,"[30, 950, 84]",7,7,"[950, 84]"
collapse_ratio,30,"[30, 950, 87]",1,1,"[950, 87]"
collapse_ratio,30,"[30, 950, 88]",15,15,"[950, 88]"
collapse_ratio,30,"[30, 950, 92]",133,133,"[950, 92]"
collapse_ratio,30,"[30, 950, 95]",4,4,"[950, 95]"
collapse_ratio,30,"[30, 950, 96]",76,76,"[950, 96]"
collapse_ratio,30,"[30, 950, 99]",39,39,"[950, 99]"
collapse_ratio,30,"[30, 950, 100]",14,14,"[950, 100]"
collapse_ratio,30,"[30, 950, 103]",7,7,"[950, 103]"
collapse_ratio,30,"[30, 950, 104]",1,1,"[950, 104]"
collapse_ratio,30,"[30, 950, 107]",3,3,"[950, 107]"
collapse_ratio,30,"[30, 950, 108]",3,3,"[950, 108]"
collapse_ratio,30,"[30, 950, 117]",2,2,"[950, 117]"
collapse_ratio,30,"[30, 950, 120]",16,16,"[950, 120]"
collapse_ratio,30,"[30, 950, 121]",4,4,"[950, 121]"
collapse_ratio,30,"[30, 950, 122]",4,4,"[950, 122]"
collapse_ratio,30,"[30, 950, 124]",21,21,"[950, 124]"
collapse_ratio,30,"[30, 950, 125]",14,14,"[950, 125]"
collapse_ratio,30,"[30, 950, 126]",4,4,"[950, 126]"
collapse_ratio,30,"[30, 950, 128]",7,7,"[950, 128]"
collapse_ratio,30,"[30, 950, 129]",2,2,"[950, 129]"
collapse_ratio,30,"[30, 950, 132]",6,6,"[950, 132]"
collapse_ratio,30,"[30, 950, 133]",3,3,"[950, 133]"
collapse_ratio,30,"[30, 950, 135]",1,1,"[950, 135]"
collapse_ratio,30,"[30, 950, 136]",34,34,"[950, 136]"
collapse_ratio,30,"[30, 950, 137]",25,25,"[950, 137]"
collapse_ratio,30,"[30, 950, 138]",17,17,"[950, 138]"
collapse_ratio,30,"[30, 950, 139]",3,3,"[950, 139]"
collapse_ratio,30,"[30, 950, 140]",1261,1261,"[950, 140]"
collapse_ratio,30,"[30, 950, 141]",363,363,"[950, 141]"
collapse_ratio,30,"[30, 950, 142]",81,81,"[950, 142]"
collapse_ratio,30,"[30, 950, 143]",7,7,"[950, 143]"
collapse_ratio,30,"[30, 950, 144]",2000,6343,"[950, 144]"
collapse_ratio,30,"[30, 950, 145]",373,373,"[950, 145]"
collapse_ratio,30,"[30, 950, 146]",9,9,"[950, 146]"
collapse_ratio,30,"[30, 950, 148]",39,39,"[950, 148]"
collapse_ratio,30,"[30, 950, 149]",6,6,"[950, 149]"
collapse_ratio,30,"[30, 950, 150]",1,1,"[950, 150]"
collapse_ratio,30,"[30, 950, 152]",1,1,"[950, 152]"
collapse_ratio,30,"[30, 975, 41]",169,169,"[975, 41]"
collapse_ratio,30,"[30, 975, 45]",89,89,"[975, 45]"
collapse_ratio,30,"[30, 975, 49]",7,7,"[975, 49]"
collapse_ratio,30,"[30, 975, 78]",7,7,"[975, 78]"
collapse_ratio,30,"[30, 975, 82]",10,10,"[975, 82]"
collapse_ratio,30,"[30, 975, 86]",7,7,"[975, 86]"
collapse_ratio,30,"[30, 975, 89]",2,2,"[975, 89]"
collapse_ratio,30,"[30, 975, 90]",16,16,"[975, 90]"
collapse_ratio,30,"[30, 975, 94]",130,130,"[975, 94]"
collapse_ratio,30,"[30, 975, 97]",8,8,"[975, 97]"
collapse_ratio,30,"[30, 975, 98]",79,79,"[975, 98]"
collapse_ratio,30,"[30, 975, 101]",77,77,"[975, 101]"
collapse_ratio,30,"[30, 975, 102]",14,14,"[975, 102]"
collapse_ratio,30,"[30, 975, 105]",13,13,"[975, 105]"
collapse_ratio,30,"[30, 975, 106]",1,1,"[975, 106]"
collapse_ratio,30,"[30, 975, 109]",6,6,"[975, 109]"
collapse_ratio,30,"[30, 975, 122]",13,13,"[975, 122]"
collapse_ratio,30,"[30, 975, 123]",4,4,"[975, 123]"
collapse_ratio,30,"[30, 975, 125]",26,26,"[975, 125]"
collapse_ratio,30,"[30, 975, 126]",28,28,"[975, 126]"
collapse_ratio,30,"[30, 975, 127]",10,10,"[975, 127]"
collapse_ratio,30,"[30, 975, 129]",36,36,"[975, 129]"
collapse_ratio,30,"[30, 975, 130]",12,12,"[975, 130]"
collapse_ratio,30,"[30, 975, 133]",8,8,"[975, 133]"
collapse_ratio,30,"[30, 975, 134]",34,34,"[975, 134]"
collapse_ratio,30,"[30, 975, 135]",1,1,"[975, 135]"
collapse_ratio,30,"[30, 975, 137]",8,8,"[975, 137]"
collapse_ratio,30,"[30, 975, 138]",57,57,"[975, 138]"
collapse_ratio,30,"[30, 975, 139]",21,21,"[975, 139]"
collapse_ratio,30,"[30, 975, 141]",101,101,"[975, 141]"
collapse_ratio,30,"[30, 975, 142]",1567,1567,"[975, 142]"
collapse_ratio,30,"[30, 975, 143]",9,9,"[975, 143]"
collapse_ratio,30,"[30, 975, 145]",763,763,"[975, 145]"
collapse_ratio,30,"[30, 975, 146]",2000,7166,"[975, 146]"
collapse_ratio,30,"[30, 975, 147]",10,10,"[975, 147]"
collapse_ratio,30,"[30, 975, 149]",943,943,"[975, 149]"
collapse_ratio,30,"[30, 975, 150]",160,160,"[975, 150]"
collapse_ratio,30,"[30, 975, 153]",97,97,"[975, 153]"
collapse_ratio,30,"[30, 975, 155]",2,2,"[975, 155]"
collapse_ratio,30,"[30, 975, 157]",30,30,"[975, 157]"
collapse_excess,30,"[30, -104, 25]",1,1,"[-104, 25]"
collapse_excess,30,"[30, -96, 33]",2,2,"[-96, 33]"
collapse_excess,30,"[30, -88, 41]",2,2,"[-88, 41]"
collapse_excess,30,"[30, -88, 45]",2,2,"[-88, 45]"
collapse_excess,30,"[30, -80, 49]",2,2,"[-80, 49]"
collapse_excess,30,"[30, -80, 50]",1,1,"[-80, 50]"
collapse_excess,30,"[30, -80, 51]",2,2,"[-80, 51]"
collapse_excess,30,"[30, -80, 53]",2,2,"[-80, 53]"
collapse_excess,30,"[30, -80, 63]",2,2,"[-80, 63]"
collapse_excess,30,"[30, -80, 69]",1,1,"[-80, 69]"
collapse_excess,30,"[30, -80, 75]",1,1,"[-80, 75]"
collapse_excess,30,"[30, -72, 33]",2,2,"[-72, 33]"
collapse_excess,30,"[30, -72, 35]",7,7,"[-72, 35]"
collapse_excess,30,"[30, -72, 37]",1,1,"[-72, 37]"
collapse_excess,30,"[30, -72, 39]",2,2,"[-72, 39]"
collapse_excess,30,"[30, -72, 41]",3,3,"[-72, 41]"
collapse_excess,30,"[30, -72, 57]",2,2,"[-72, 57]"
collapse_excess,30,"[30, -72, 59]",4,4,"[-72, 59]"
collapse_excess,30,"[30, -72, 61]",6,6,"[-72, 61]"
collapse_excess,30,"[30, -72, 63]",2,2,"[-72, 63]"
collapse_excess,30,"[30, -72, 65]",2,2,"[-72, 65]"
collapse_excess,30,"[30, -72, 67]",2,2,"[-72, 67]"
collapse_excess,30,"[30, -72, 69]",3,3,"[-72, 69]"
collapse_excess,30,"[30, -72, 71]",2,2,"[-72, 71]"
collapse_excess,30,"[30, -72, 72]",3,3,"[-72, 72]"
collapse_excess,30,"[30, -72, 73]",2,2,"[-72, 73]"
collapse_excess,30,"[30, -72, 75]",6,6,"[-72, 75]"
collapse_excess,30,"[30, -72, 77]",4,4,"[-72, 77]"
collapse_excess,30,"[30, -72, 78]",2,2,"[-72, 78]"
collapse_excess,30,"[30, -72, 79]",5,5,"[-72, 79]"
collapse_excess,30,"[30, -72, 83]",2,2,"[-72, 83]"
collapse_excess,30,"[30, -64, 19]",1,1,"[-64, 19]"
collapse_excess,30,"[30, -64, 33]",7,7,"[-64, 33]"
collapse_excess,30,"[30, -64, 35]",41,41,"[-64, 35]"
collapse_excess,30,"[30, -64, 37]",59,59,"[-64, 37]"
collapse_excess,30,"[30, -64, 39]",6,6,"[-64, 39]"
collapse_excess,30,"[30, -64, 41]",48,48,"[-64, 41]"
collapse_excess,30,"[30, -64, 43]",4,4,"[-64, 43]"
collapse_excess,30,"[30, -64, 49]",3,3,"[-64, 49]"
collapse_excess,30,"[30, -64, 63]",6,6,"[-64, 63]"
collapse_excess,30,"[30, -64, 64]",7,7,"[-64, 64]"
collapse_excess,30,"[30, -64, 65]",12,12,"[-64, 65]"
collapse_excess,30,"[30, -64, 66]",2,2,"[-64, 66]"
collapse_excess,30,"[30, -64, 67]",8,8,"[-64, 67]"
collapse_excess,30,"[30, -64, 68]",10,10,"[-64, 68]"
collapse_excess,30,"[30, -64, 69]",2,2,"[-64, 69]"
collapse_excess,30,"[30, -64, 70]",6,6,"[-64, 70]"
collapse_excess,30,"[30, -64, 71]",1,1,"[-64, 71]"
collapse_excess,30,"[30, -64, 72]",6,6,"[-64, 72]"
collapse_excess,30,"[30, -64, 73]",6,6,"[-64, 73]"
collapse_excess,30,"[30, -64, 77]",2,2,"[-64, 77]"
collapse_excess,30,"[30, -64, 81]",2,2,"[-64, 81]"
collapse_excess,30,"[30, -64, 83]",7,7,"[-64, 83]"
collapse_excess,30,"[30, -64, 84]",1,1,"[-64, 84]"
collapse_excess,30,"[30, -64, 85]",2,2,"[-64, 85]"
collapse_excess,30,"[30, -64, 87]",7,7,"[-64, 87]"
collapse_excess,30,"[30, -64, 88]",3,3,"[-64, 88]"
collapse_excess,30,"[30, -64, 89]",3,3,"[-64, 89]"
collapse_excess,30,"[30, -64, 91]",1,1,"[-64, 91]"
collapse_excess,30,"[30, -56, 15]",1,1,"[-56, 15]"
collapse_excess,30,"[30, -56, 21]",1,1,"[-56, 21]"
collapse_excess,30,"[30, -56, 25]",2,2,"[-56, 25]"
collapse_excess,30,"[30, -56, 27]",6,6,"[-56, 27]"
collapse_excess,30,"[30, -56, 29]",10,10,"[-56, 29]"
collapse_excess,30,"[30, -56, 31]",6,6,"[-56, 31]"
collapse_excess,30,"[30, -56, 35]",2,2,"[-56, 35]"
collapse_excess,30,"[30, -56, 37]",8,8,"[-56, 37]"
collapse_excess,30,"[30, -56, 39]",86,86,"[-56, 39]"
collapse_excess,30,"[30, -56, 43]",4,4,"[-56, 43]"
collapse_excess,30,"[30, -56, 47]",2,2,"[-56, 47]"
collapse_excess,30,"[30, -56, 49]",2,2,"[-56, 49]"
collapse_excess,30,"[30, -56, 79]",1,1,"[-56, 79]"
collapse_excess,30,"[30, -56, 91]",5,5,"[-56, 91]"
collapse_excess,30,"[30, -56, 93]",9,9,"[-56, 93]"
collapse_excess,30,"[30, -56, 94]",12,12,"[-56, 94]"
collapse_excess,30,"[30, -56, 95]",40,40,"[-56, 95]"
collapse_excess,30,"[30, -56, 96]",2,2,"[-56, 96]"
collapse_excess,30,"[30, -56, 97]",11,11,"[-56, 97]"
collapse_excess,30,"[30, -56, 98]",13,13,"[-56, 98]"
collapse_excess,30,"[30, -56, 99]",5,5,"[-56, 99]"
collapse_excess,30,"[30, -56, 101]",8,8,"[-56, 101]"
collapse_excess,30,"[30, -56, 104]",1,1,"[-56, 104]"
collapse_excess,30,"[30, -56, 106]",1,1,"[-56, 106]"
collapse_excess,30,"[30, -48, 9]",1,1,"[-48, 9]"
collapse_excess,30,"[30, -48, 17]",1,1,"[-48, 17]"
collapse_excess,30,"[30, -48, 19]",18,18,"[-48, 19]"
collapse_excess,30,"[30, -48, 21]",2,2,"[-48, 21]"
collapse_excess,30,"[30, -48, 23]",1,1,"[-48, 23]"
collapse_excess,30,"[30, -48, 46]",1,1,"[-48, 46]"
collapse_excess,30,"[30, -48, 50]",3,3,"[-48, 50]"
collapse_excess,30,"[30, -48, 51]",1,1,"[-48, 51]"
collapse_excess,30,"[30, -48, 54]",3,3,"[-48, 54]"
collapse_excess,30,"[30, -48, 55]",3,3,"[-48, 55]"
collapse_excess,30,"[30, -48, 95]",4,4,"[-48, 95]"
collapse_excess,30,"[30, -48, 96]",16,16,"[-48, 96]"
collapse_excess,30,"[30, -48, 97]",50,50,"[-48, 97]"
collapse_excess,30,"[30, -48, 98]",23,23,"[-48, 98]"
collapse_excess,30,"[30, -48, 99]",90,90,"[-48, 99]"
collapse_excess,30,"[30, -48, 100]",39,39,"[-48, 100]"
collapse_excess,30,"[30, -48, 101]",121,121,"[-48, 101]"
collapse_excess,30,"[30, -48, 102]",69,69,"[-48, 102]"
collapse_excess,30,"[30, -48, 103]",187,187,"[-48, 103]"
collapse_excess,30,"[30, -48, 104]",114,114,"[-48, 104]"
collapse_excess,30,"[30, -48, 105]",218,218,"[-48, 105]"
collapse_excess,30,"[30, -48, 106]",217,217,"[-48, 106]"
collapse_excess,30,"[30, -48, 107]",372,372,"[-48, 107]"
collapse_excess,30,"[30, -48, 108]",7,7,"[-48, 108]"
collapse_excess,30,"[30, -48, 109]",97,97,"[-48, 109]"
collapse_excess,30,"[30, -48, 110]",16,16,"[-48, 110]"
collapse_excess,30,"[30, -48, 111]",29,29,"[-48, 111]"
collapse_excess,30,"[30, -48, 112]",9,9,"[-48, 112]"
collapse_excess,30,"[30, -48, 113]",3,3,"[-48, 113]"
collapse_excess,30,"[30, -48, 114]",10,10,"[-48, 114]"
collapse_excess,30,"[30, -40, 1]",2000,2305,"[-40, 1]"
collapse_excess,30,"[30, -40, 9]",3,3,"[-40, 9]"
collapse_excess,30,"[30, -40, 11]",10,10,"[-40, 11]"
collapse_excess,30,"[30, -40, 13]",15,15,"[-40, 13]"
collapse_excess,30,"[30, -40, 15]",9,9,"[-40, 15]"
collapse_excess,30,"[30, -40, 100]",3,3,"[-40, 100]"
collapse_excess,30,"[30, -40, 102]",7,7,"[-40, 102]"
collapse_excess,30,"[30, -40, 103]",43,43,"[-40, 103]"
collapse_excess,30,"[30, -40, 104]",83,83,"[-40, 104]"
collapse_excess,30,"[30, -40, 105]",108,108,"[-40, 105]"
collapse_excess,30,"[30, -40, 106]",133,133,"[-40, 106]"
collapse_excess,30,"[30, -40, 107]",236,236,"[-40, 107]"
collapse_excess,30,"[30, -40, 108]",560,560,"[-40, 108]"
collapse_excess,30,"[30, -40, 109]",955,955,"[-40, 109]"
collapse_excess,30,"[30, -40, 110]",774,774,"[-40, 110]"
collapse_excess,30,"[30, -40, 111]",1440,1440,"[-40, 111]"
collapse_excess,30,"[30, -40, 112]",1206,1206,"[-40, 112]"
collapse_excess,30,"[30, -40, 113]",1223,1223,"[-40, 113]"
collapse_excess,30,"[30, -40, 114]",462,462,"[-40, 114]"
collapse_excess,30,"[30, -40, 115]",247,247,"[-40, 115]"
collapse_excess,30,"[30, -40, 116]",3,3,"[-40, 116]"
collapse_excess,30,"[30, -40, 117]",2000,4017,"[-40, 117]"
collapse_excess,30,"[30, -40, 118]",305,305,"[-40, 118]"
collapse_excess,30,"[30, -40, 119]",118,118,"[-40, 119]"
collapse_excess,30,"[30, -40, 120]",2,2,"[-40, 120]"
collapse_excess,30,"[30, -40, 121]",21,21,"[-40, 121]"
collapse_excess,30,"[30, -40, 122]",3,3,"[-40, 122]"
collapse_excess,30,"[30, -40, 123]",30,30,"[-40, 123]"
collapse_excess,30,"[30, -32, 1]",1976,1976,"[-32, 1]"
collapse_excess,30,"[30, -32, 3]",8,8,"[-32, 3]"
collapse_excess,30,"[30, -32, 5]",2000,3850,"[-32, 5]"
collapse_excess,30,"[30, -32, 7]",2000,3923,"[-32, 7]"
collapse_excess,30,"[30, -32, 9]",2000,5265,"[-32, 9]"
collapse_excess,30,"[30, -32, 107]",2,2,"[-32, 107]"
collapse_excess,30,"[30, -32, 109]",2,2,"[-32, 109]"
collapse_excess,30,"[30, -32, 110]",2,2,"[-32, 110]"
collapse_excess,30,"[30, -32, 111]",16,16,"[-32, 111]"
collapse_excess,30,"[30, -32, 112]",74,74,"[-32, 112]"
collapse_excess,30,"[30, -32, 113]",66,66,"[-32, 113]"
collapse_excess,30,"[30, -32, 114]",77,77,"[-32, 114]"
collapse_excess,30,"[30, -32, 115]",58,58,"[-32, 115]"
collapse_excess,30,"[30, -32, 116]",343,343,"[-32, 116]"
collapse_excess,30,"[30, -32, 117]",293,293,"[-32, 117]"
collapse_excess,30,"[30, -32, 118]",243,243,"[-32, 118]"
collapse_excess,30,"[30, -32, 119]",116,116,"[-32, 119]"
collapse_excess,30,"[30, -32, 120]",3,3,"[-32, 120]"
collapse_excess,30,"[30, -32, 122]",34,34,"[-32, 122]"
collapse_excess,30,"[30, -24, 1]",186,186,"[-24, 1]"
collapse_excess,30,"[30, -24, 3]",67,67,"[-24, 3]"
collapse_excess,30,"[30, -24, 5]",2000,3150,"[-24, 5]"
collapse_excess,30,"[30, -24, 7]",2000,4383,"[-24, 7]"
collapse_excess,30,"[30, -24, 9]",2000,4525,"[-24, 9]"
collapse_excess,30,"[30, -24, 11]",2000,2952,"[-24, 11]"
collapse_excess,30,"[30, -24, 13]",537,537,"[-24, 13]"
collapse_excess,30,"[30, -24, 15]",151,151,"[-24, 15]"
collapse_excess,30,"[30, -24, 17]",34,34,"[-24, 17]"
collapse_excess,30,"[30, -24, 19]",2,2,"[-24, 19]"
collapse_excess,30,"[30, -24, 112]",2,2,"[-24, 112]"
collapse_excess,30,"[30, -24, 113]",3,3,"[-24, 113]"
collapse_excess,30,"[30, -24, 115]",2,2,"[-24, 115]"
collapse_excess,30,"[30, -24, 116]",1,1,"[-24, 116]"
collapse_excess,30,"[30, -24, 117]",2,2,"[-24, 117]"
collapse_excess,30,"[30, -24, 118]",6,6,"[-24, 118]"
collapse_excess,30,"[30, -24, 121]",6,6,"[-24, 121]"
collapse_excess,30,"[30, -16, 1]",2000,2033,"[-16, 1]"
collapse_excess,30,"[30, -16, 3]",235,235,"[-16, 3]"
collapse_excess,30,"[30, -16, 5]",2000,2254,"[-16, 5]"
collapse_excess,30,"[30, -16, 7]",1400,1400,"[-16, 7]"
collapse_excess,30,"[30, -16, 9]",1836,1836,"[-16, 9]"
collapse_excess,30,"[30, -16, 10]",626,626,"[-16, 10]"
collapse_excess,30,"[30, -16, 11]",2000,3202,"[-16, 11]"
collapse_excess,30,"[30, -16, 12]",91,91,"[-16, 12]"
collapse_excess,30,"[30, -16, 13]",896,896,"[-16, 13]"
collapse_excess,30,"[30, -16, 14]",23,23,"[-16, 14]"
collapse_excess,30,"[30, -16, 15]",313,313,"[-16, 15]"
collapse_excess,30,"[30, -16, 16]",22,22,"[-16, 16]"
collapse_excess,30,"[30, -16, 17]",51,51,"[-16, 17]"
collapse_excess,30,"[30, -16, 18]",10,10,"[-16, 18]"
collapse_excess,30,"[30, -16, 19]",26,26,"[-16, 19]"
collapse_excess,30,"[30, -16, 21]",7,7,"[-16, 21]"
collapse_excess,30,"[30, -16, 22]",2,2,"[-16, 22]"
collapse_excess,30,"[30, -16, 23]",1,1,"[-16, 23]"
collapse_excess,30,"[30, -16, 26]",1,1,"[-16, 26]"
collapse_excess,30,"[30, -16, 27]",3,3,"[-16, 27]"
collapse_excess,30,"[30, -16, 82]",1,1,"[-16, 82]"
collapse_excess,30,"[30, -16, 90]",4,4,"[-16, 90]"
collapse_excess,30,"[30, -16, 94]",38,38,"[-16, 94]"
collapse_excess,30,"[30, -16, 96]",3,3,"[-16, 96]"
collapse_excess,30,"[30, -16, 98]",6,6,"[-16, 98]"
collapse_excess,30,"[30, -16, 102]",3,3,"[-16, 102]"
collapse_excess,30,"[30, -16, 112]",1,1,"[-16, 112]"
collapse_excess,30,"[30, -16, 114]",2,2,"[-16, 114]"
collapse_excess,30,"[30, -16, 115]",2,2,"[-16, 115]"
collapse_excess,30,"[30, -16, 116]",6,6,"[-16, 116]"
collapse_excess,30,"[30, -16, 117]",2,2,"[-16, 117]"
collapse_excess,30,"[30, -16, 118]",8,8,"[-16, 118]"
collapse_excess,30,"[30, -16, 119]",3,3,"[-16, 119]"
collapse_excess,30,"[30, -16, 122]",4,4,"[-16, 122]"
collapse_excess,30,"[30, -16, 123]",8,8,"[-16, 123]"
collapse_excess,30,"[30, -16, 134]",4,4,"[-16, 134]"
collapse_excess,30,"[30, -16, 138]",7,7,"[-16, 138]"
collapse_excess,30,"[30, -16, 139]",2,2,"[-16, 139]"
collapse_excess,30,"[30, -16, 140]",1,1,"[-16, 140]"
collapse_excess,30,"[30, -8, 1]",338,338,"[-8, 1]"
collapse_excess,30,"[30, -8, 3]",185,185,"[-8, 3]"
collapse_excess,30,"[30, -8, 4]",365,365,"[-8, 4]"
collapse_excess,30,"[30, -8, 5]",2000,4347,"[-8, 5]"
collapse_excess,30,"[30, -8, 6]",880,880,"[-8, 6]"
collapse_excess,30,"[30, -8, 7]",2000,11617,"[-8, 7]"
collapse_excess,30,"[30, -8, 8]",1891,1891,"[-8, 8]"
collapse_excess,30,"[30, -8, 9]",2000,15402,"[-8, 9]"
collapse_excess,30,"[30, -8, 10]",2000,5123,"[-8, 10]"
collapse_excess,30,"[30, -8, 11]",2000,16764,"[-8, 11]"
collapse_excess,30,"[30, -8, 12]",2000,4808,"[-8, 12]"
collapse_excess,30,"[30, -8, 13]",2000,23629,"[-8, 13]"
collapse_excess,30,"[30, -8, 14]",2000,10171,"[-8, 14]"
collapse_excess,30,"[30, -8, 15]",2000,9608,"[-8, 15]"
collapse_excess,30,"[30, -8, 16]",2000,2050,"[-8, 16]"
collapse_excess,30,"[30, -8, 17]",2000,13562,"[-8, 17]"
collapse_excess,30,"[30, -8, 18]",2000,4355,"[-8, 18]"
collapse_excess,30,"[30, -8, 19]",1296,1296,"[-8, 19]"
collapse_excess,30,"[30, -8, 20]",581,581,"[-8, 20]"
collapse_excess,30,"[30, -8, 21]",2000,2405,"[-8, 21]"
collapse_excess,30,"[30, -8, 22]",1048,1048,"[-8, 22]"
collapse_excess,30,"[30, -8, 23]",122,122,"[-8, 23]"
collapse_excess,30,"[30, -8, 24]",112,112,"[-8, 24]"
collapse_excess,30,"[30, -8, 25]",248,248,"[-8, 25]"
collapse_excess,30,"[30, -8, 26]",147,147,"[-8, 26]"
collapse_excess,30,"[30, -8, 27]",37,37,"[-8, 27]"
collapse_excess,30,"[30, -8, 28]",59,59,"[-8, 28]"
collapse_excess,30,"[30, -8, 29]",2000,16851,"[-8, 29]"
collapse_excess,30,"[30, -8, 30]",2000,11374,"[-8, 30]"
collapse_excess,30,"[30, -8, 31]",34,34,"[-8, 31]"
collapse_excess,30,"[30, -8, 32]",334,334,"[-8, 32]"
collapse_excess,30,"[30, -8, 33]",182,182,"[-8, 33]"
collapse_excess,30,"[30, -8, 34]",237,237,"[-8, 34]"
collapse_excess,30,"[30, -8, 35]",4,4,"[-8, 35]"
collapse_excess,30,"[30, -8, 36]",5,5,"[-8, 36]"
collapse_excess,30,"[30, -8, 37]",2000,19286,"[-8, 37]"
collapse_excess,30,"[30, -8, 38]",2000,13161,"[-8, 38]"
collapse_excess,30,"[30, -8, 39]",2,2,"[-8, 39]"
collapse_excess,30,"[30, -8, 40]",385,385,"[-8, 40]"
collapse_excess,30,"[30, -8, 41]",169,169,"[-8, 41]"
collapse_excess,30,"[30, -8, 42]",221,221,"[-8, 42]"
collapse_excess,30,"[30, -8, 43]",1,1,"[-8, 43]"
collapse_excess,30,"[30, -8, 44]",21,21,"[-8, 44]"
collapse_excess,30,"[30, -8, 45]",89,89,"[-8, 45]"
collapse_excess,30,"[30, -8, 46]",16,16,"[-8, 46]"
collapse_excess,30,"[30, -8, 48]",16,16,"[-8, 48]"
collapse_excess,30,"[30, -8, 49]",7,7,"[-8, 49]"
collapse_excess,30,"[30, -8, 50]",16,16,"[-8, 50]"
collapse_excess,30,"[30, -8, 52]",9,9,"[-8, 52]"
collapse_excess,30,"[30, -8, 54]",9,9,"[-8, 54]"
collapse_excess,30,"[30, -8, 56]",1,1,"[-8, 56]"
collapse_excess,30,"[30, -8, 58]",1,1,"[-8, 58]"
collapse_excess,30,"[30, -8, 60]",18,18,"[-8, 60]"
collapse_excess,30,"[30, -8, 62]",18,18,"[-8, 62]"
collapse_excess,30,"[30, -8, 64]",2,2,"[-8, 64]"
collapse_excess,30,"[30, -8, 66]",2,2,"[-8, 66]"
collapse_excess,30,"[30, -8, 68]",2,2,"[-8, 68]"
collapse_excess,30,"[30, -8, 70]",2,2,"[-8, 70]"
collapse_excess,30,"[30, -8, 72]",3,3,"[-8, 72]"
collapse_excess,30,"[30, -8, 74]",3,3,"[-8, 74]"
collapse_excess,30,"[30, -8, 76]",7,7,"[-8, 76]"
collapse_excess,30,"[30, -8, 78]",7,7,"[-8, 78]"
collapse_excess,30,"[30, -8, 80]",10,10,"[-8, 80]"
collapse_excess,30,"[30, -8, 82]",10,10,"[-8, 82]"
collapse_excess,30,"[30, -8, 84]",7,7,"[-8, 84]"
collapse_excess,30,"[30, -8, 86]",7,7,"[-8, 86]"
collapse_excess,30,"[30, -8, 87]",1,1,"[-8, 87]"
collapse_excess,30,"[30, -8, 88]",15,15,"[-8, 88]"
collapse_excess,30,"[30, -8, 89]",2,2,"[-8, 89]"
collapse_excess,30,"[30, -8, 90]",16,16,"[-8, 90]"
collapse_excess,30,"[30, -8, 91]",3,3,"[-8, 91]"
collapse_excess,30,"[30, -8, 92]",133,133,"[-8, 92]"
collapse_excess,30,"[30, -8, 94]",130,130,"[-8, 94]"
collapse_excess,30,"[30, -8, 95]",4,4,"[-8, 95]"
collapse_excess,30,"[30, -8, 96]",76,76,"[-8, 96]"
collapse_excess,30,"[30, -8, 97]",8,8,"[-8, 97]"
collapse_excess,30,"[30, -8, 98]",80,80,"[-8, 98]"
collapse_excess,30,"[30, -8, 99]",41,41,"[-8, 99]"
collapse_excess,30,"[30, -8, 100]",15,15,"[-8, 100]"
collapse_excess,30,"[30, -8, 101]",77,77,"[-8, 101]"
collapse_excess,30,"[30, -8, 102]",14,14,"[-8, 102]"
collapse_excess,30,"[30, -8, 103]",7,7,"[-8, 103]"
collapse_excess,30,"[30, -8, 104]",1,1,"[-8, 104]"
collapse_excess,30,"[30, -8, 105]",13,13,"[-8, 105]"
collapse_excess,30,"[30, -8, 106]",1,1,"[-8, 106]"
collapse_excess,30,"[30, -8, 107]",3,3,"[-8, 107]"
collapse_excess,30,"[30, -8, 108]",3,3,"[-8, 108]"
collapse_excess,30,"[30, -8, 109]",6,6,"[-8, 109]"
collapse_excess,30,"[30, -8, 117]",2,2,"[-8, 117]"
collapse_excess,30,"[30, -8, 119]",7,7,"[-8, 119]"
collapse_excess,30,"[30, -8, 120]",24,24,"[-8, 120]"
collapse_excess,30,"[30, -8, 121]",4,4,"[-8, 121]"
collapse_excess,30,"[30, -8, 122]",17,17,"[-8, 122]"
collapse_excess,30,"[30, -8, 123]",4,4,"[-8, 123]"
collapse_excess,30,"[30, -8, 124]",21,21,"[-8, 124]"
collapse_excess,30,"[30, -8, 125]",40,40,"[-8, 125]"
collapse_excess,30,"[30, -8, 126]",32,32,"[-8, 126]"
collapse_excess,30,"[30, -8, 127]",10,10,"[-8, 127]"
collapse_excess,30,"[30, -8, 128]",8,8,"[-8, 128]"
collapse_excess,30,"[30, -8, 129]",38,38,"[-8, 129]"
collapse_excess,30,"[30, -8, 130]",12,12,"[-8, 130]"
collapse_excess,30,"[30, -8, 132]",8,8,"[-8, 132]"
collapse_excess,30,"[30, -8, 133]",11,11,"[-8, 133]"
collapse_excess,30,"[30, -8, 134]",34,34,"[-8, 134]"
collapse_excess,30,"[30, -8, 135]",2,2,"[-8, 135]"
collapse_excess,30,"[30, -8, 136]",36,36,"[-8, 136]"
collapse_excess,30,"[30, -8, 137]",33,33,"[-8, 137]"
collapse_excess,30,"[30, -8, 138]",74,74,"[-8, 138]"
collapse_excess,30,"[30, -8, 139]",24,24,"[-8, 139]"
collapse_excess,30,"[30, -8, 140]",1263,1263,"[-8, 140]"
collapse_excess,30,"[30, -8, 141]",464,464,"[-8, 141]"
collapse_excess,30,"[30, -8, 142]",1648,1648,"[-8, 142]"
collapse_excess,30,"[30, -8, 143]",16,16,"[-8, 143]"
collapse_excess,30,"[30, -8, 144]",2000,6344,"[-8, 144]"
collapse_excess,30,"[30, -8, 145]",1136,1136,"[-8, 145]"
collapse_excess,30,"[30, -8, 146]",2000,7175,"[-8, 146]"
collapse_excess,30,"[30, -8, 147]",10,10,"[-8, 147]"
collapse_excess,30,"[30, -8, 148]",39,39,"[-8, 148]"
collapse_excess,30,"[30, -8, 149]",949,949,"[-8, 149]"
collapse_excess,30,"[30, -8, 150]",161,161,"[-8, 150]"
collapse_excess,30,"[30, -8, 152]",1,1,"[-8, 152]"
collapse_excess,30,"[30, -8, 153]",97,97,"[-8, 153]"
collapse_excess,30,"[30, -8, 155]",2,2,"[-8, 155]"
collapse_excess,30,"[30, -8, 157]",30,30,"[-8, 157]"
random,30,"[30, 0]",2000,276228,[0]
