node_id,parent_id,action_from_parent,depth,visits,total_value,average_value,factor_ids,projlen
0,,,0,1000,145.66781496281527,0.14566781496281528,[],0
1,0,5,1,46,6.786507936507935,0.14753278122843336,[5],3
2,0,9,1,41,4.784593462093462,0.11669740151447469,[9],3
3,0,18,1,41,4.775852203352203,0.11648420008176105,[18],3
4,0,15,1,47,7.279960317460318,0.15489277271192164,[15],3
5,0,1,1,43,5.500133755133753,0.1279100873286919,[1],2
6,0,4,1,44,5.922907647907648,0.13461153745244656,[4],3
7,0,7,1,49,8.20039682539683,0.16735503725299652,[7],2
8,0,3,1,41,4.817266344766345,0.11749430109186208,[3],3
9,0,6,1,43,5.483467088467087,0.12752249042946714,[6],2
10,0,21,1,49,8.1218253968254,0.16575153871072246,[21],2
11,0,13,1,49,8.164682539682541,0.16662617427923554,[13],2
12,0,14,1,46,6.772619047619045,0.1472308488612836,[14],3
13,0,10,1,45,6.615494227994227,0.14701098284431616,[10],2
14,0,16,1,46,6.76976911976912,0.14716889390802435,[16],2
15,0,17,1,49,8.14543650793651,0.1662333981211533,[17],2
16,0,19,1,47,7.282738095238095,0.15495187436676797,[19],3
17,0,2,1,46,6.721248196248196,0.14611409122278687,[2],2
18,0,22,1,49,8.099801587301592,0.16530207321023657,[22],2
19,0,20,1,47,7.363492063492066,0.1566700439040865,[20],3
20,0,8,1,44,5.938972138972138,0.13497663952209404,[8],3
21,0,11,1,47,7.294642857142858,0.15520516717325228,[11],3
22,0,12,1,41,4.8260076035076045,0.11770750252457572,[12],3
23,5,1,2,14,1.7651046176046177,0.1260789012574727,"[1, 1]",4
24,7,9,2,4,0.5888888888888888,0.1472222222222222,"[7, 9]",5
25,9,9,2,14,1.5928574203574204,0.11377553002553002,"[6, 9]",5
26,10,6,2,5,0.8093253968253967,0.16186507936507935,"[21, 6]",4
27,11,4,2,5,0.8452380952380951,0.16904761904761903,"[13, 4]",4
28,13,12,2,8,1.0025252525252524,0.12531565656565655,"[10, 12]",5
29,14,13,2,9,1.483333333333333,0.16481481481481478,"[16, 13]",4
30,15,13,2,5,0.8452380952380951,0.16904761904761903,"[17, 13]",4
31,17,3,2,9,1.1150252525252526,0.12389169472502808,"[2, 3]",5
32,18,3,2,5,0.8093253968253968,0.16186507936507938,"[22, 3]",4
33,1,18,2,4,0.540079365079365,0.13501984126984126,"[5, 18]",6
34,2,4,2,13,1.504347041847042,0.11571900321900322,"[9, 4]",6
35,3,9,2,13,1.3862234987234983,0.10663257682488449,"[18, 9]",6
36,4,21,2,4,0.6345238095238095,0.15863095238095237,"[15, 21]",5
37,6,16,2,9,1.1963383838383839,0.13292648709315377,"[4, 16]",5
38,8,4,2,13,1.490361027861028,0.11464315598930984,"[3, 4]",6
39,12,12,2,4,0.528968253968254,0.1322420634920635,"[14, 12]",6
40,16,20,2,4,0.5888888888888888,0.1472222222222222,"[19, 20]",5
41,19,13,2,5,0.8452380952380952,0.16904761904761906,"[20, 13]",4
42,20,13,2,9,1.2833333333333332,0.14259259259259258,"[8, 13]",5
43,21,1,2,4,0.5888888888888888,0.1472222222222222,"[11, 1]",5
44,22,9,2,13,1.4200618825618827,0.10923552942783712,"[12, 9]",6
45,5,18,2,14,1.5928574203574204,0.11377553002553002,"[1, 18]",5
46,10,9,2,4,0.5888888888888888,0.1472222222222222,"[21, 9]",5
47,11,11,2,4,0.602579365079365,0.15064484126984126,"[13, 11]",5
48,14,16,2,9,1.346626984126984,0.14962522045855378,"[16, 16]",4
49,15,19,2,4,0.6523809523809523,0.16309523809523807,"[17, 19]",5
50,18,6,2,4,0.6678571428571427,0.16696428571428568,"[22, 6]",4
51,7,18,2,4,0.5888888888888888,0.1472222222222222,"[7, 18]",5
52,9,6,2,14,1.765104617604618,0.1260789012574727,"[6, 6]",4
53,13,13,2,9,1.4476190476190474,0.16084656084656082,"[10, 13]",4
54,17,16,2,9,1.346626984126984,0.14962522045855378,"[2, 16]",4
55,19,16,2,5,0.863095238095238,0.17261904761904762,"[20, 16]",4
56,4,10,2,4,0.6166666666666667,0.15416666666666667,"[15, 10]",5
57,6,2,2,9,1.2145202020202022,0.1349466891133558,"[4, 2]",5
58,16,4,2,5,0.8452380952380951,0.16904761904761903,"[19, 4]",4
59,20,16,2,9,1.2145202020202022,0.1349466891133558,"[8, 16]",5
60,21,12,2,5,0.8093253968253968,0.16186507936507938,"[11, 12]",4
61,1,12,2,4,0.6027777777777777,0.15069444444444444,"[5, 12]",5
62,2,1,2,14,1.6004331779331782,0.11431665556665559,"[9, 1]",5
63,3,8,2,13,1.4827852702852704,0.11406040540655926,"[18, 8]",6
64,8,1,2,14,1.6068434343434346,0.11477453102453104,"[3, 1]",5
65,12,17,2,4,0.6027777777777777,0.15069444444444444,"[14, 17]",5
66,22,6,2,14,1.608008935508936,0.11485778110778114,"[12, 6]",5
67,14,2,2,9,1.335515873015873,0.1483906525573192,"[16, 2]",4
68,18,17,2,4,0.6857142857142856,0.1714285714285714,"[22, 17]",4
69,5,4,2,14,1.7588383838383843,0.12563131313131318,"[1, 4]",5
70,9,8,2,14,1.7421717171717175,0.12444083694083696,"[6, 8]",5
71,10,4,2,5,0.8452380952380952,0.16904761904761906,"[21, 4]",4
72,11,6,2,5,0.8093253968253968,0.16186507936507938,"[13, 6]",4
73,13,2,2,9,1.335515873015873,0.1483906525573192,"[10, 2]",4
74,15,2,2,5,0.8452380952380952,0.16904761904761906,"[17, 2]",4
75,17,12,2,9,1.0998737373737373,0.12220819304152636,"[2, 12]",5
76,7,6,2,5,0.8093253968253968,0.16186507936507938,"[7, 6]",4
77,19,14,2,4,0.528968253968254,0.1322420634920635,"[20, 14]",6
78,16,11,2,4,0.5857142857142856,0.1464285714285714,"[19, 11]",6
79,21,4,2,4,0.5511904761904761,0.13779761904761903,"[11, 4]",6
80,4,7,2,4,0.616468253968254,0.1541170634920635,"[15, 7]",5
81,6,13,2,9,1.297222222222222,0.1441358024691358,"[4, 13]",5
82,20,3,2,8,1.0040404040404038,0.12550505050505048,"[8, 3]",5
83,1,4,2,4,0.5511904761904761,0.13779761904761903,"[5, 4]",6
84,2,18,2,13,1.3798132423132419,0.10613948017794168,"[9, 18]",6
85,8,18,2,13,1.4200618825618823,0.1092355294278371,"[3, 18]",6
86,12,13,2,4,0.6027777777777777,0.15069444444444444,"[14, 13]",5
87,22,8,2,13,1.4979367854367855,0.11522590657206043,"[12, 8]",6
88,3,6,2,14,1.6068434343434346,0.11477453102453104,"[18, 6]",5
89,14,12,2,9,1.1059343434343434,0.12288159371492705,"[16, 12]",5
90,18,16,2,5,0.863095238095238,0.17261904761904762,"[22, 16]",4
91,10,1,2,5,0.7982142857142858,0.15964285714285714,"[21, 1]",4
92,11,9,2,4,0.5888888888888888,0.1472222222222222,"[13, 9]",5
93,13,16,2,9,1.346626984126984,0.14962522045855378,"[10, 16]",4
94,15,22,2,4,0.6678571428571429,0.16696428571428573,"[17, 22]",4
95,23,4,3,4,0.47007575757575754,0.11751893939393938,"[1, 1, 4]",7
96,7,7,2,5,0.8452380952380952,0.16904761904761906,"[7, 7]",4
97,52,9,3,4,0.46098484848484844,0.11524621212121211,"[6, 6, 9]",7
98,17,13,2,9,1.4297619047619046,0.15886243386243384,"[2, 13]",4
99,19,9,2,4,0.540079365079365,0.13501984126984126,"[20, 9]",6
100,16,8,2,4,0.6027777777777777,0.15069444444444444,"[19, 8]",5
101,21,22,2,4,0.6343253968253968,0.1585813492063492,"[11, 22]",5
102,4,18,2,4,0.528968253968254,0.1322420634920635,"[15, 18]",6
103,6,3,2,8,0.9198773448773448,0.1149846681096681,"[4, 3]",6
104,20,2,2,9,1.2236111111111112,0.1359567901234568,"[8, 2]",5
105,12,8,2,4,0.540079365079365,0.13501984126984126,"[14, 8]",6
106,1,3,2,4,0.528968253968254,0.1322420634920635,"[5, 3]",6
107,62,18,3,4,0.4228535353535353,0.10571338383838383,"[9, 1, 18]",8
108,88,9,3,4,0.4228535353535353,0.10571338383838383,"[18, 6, 9]",8
109,64,18,3,4,0.4304292929292929,0.10760732323232322,"[3, 1, 18]",8
110,66,9,3,4,0.4304292929292929,0.10760732323232322,"[12, 6, 9]",8
111,18,13,2,5,0.8452380952380951,0.16904761904761903,"[22, 13]",4
112,10,8,2,5,0.8452380952380952,0.16904761904761906,"[21, 8]",4
113,13,3,2,9,1.0998737373737373,0.12220819304152636,"[10, 3]",5
114,14,3,2,9,1.1150252525252526,0.12389169472502808,"[16, 3]",5
115,15,16,2,5,0.863095238095238,0.17261904761904762,"[17, 16]",4
116,7,1,2,5,0.8093253968253967,0.16186507936507935,"[7, 1]",4
117,11,20,2,4,0.6523809523809523,0.16309523809523807,"[13, 20]",5
118,17,2,2,9,1.346626984126984,0.14962522045855378,"[2, 2]",4
119,45,9,3,4,0.4228535353535353,0.10571338383838383,"[1, 18, 9]",8
120,25,1,3,5,0.5479079254079253,0.10958158508158507,"[6, 9, 1]",7
121,19,2,2,4,0.6857142857142857,0.17142857142857143,"[20, 2]",4
122,16,7,2,4,0.6206349206349207,0.15515873015873016,"[19, 7]",5
123,21,16,2,5,0.8452380952380951,0.16904761904761903,"[11, 16]",4
124,20,12,2,8,0.9134670884670885,0.11418338605838606,"[8, 12]",6
125,4,20,2,4,0.5275793650793651,0.13189484126984127,"[15, 20]",6
126,6,12,2,8,0.9949494949494948,0.12436868686868685,"[4, 12]",5
127,12,6,2,4,0.5888888888888888,0.1472222222222222,"[14, 6]",5
128,1,1,2,4,0.5888888888888888,0.1472222222222222,"[5, 1]",5
129,34,16,3,3,0.33459595959595956,0.11153198653198652,"[9, 4, 16]",8
130,35,4,3,4,0.4041666666666667,0.10104166666666667,"[18, 9, 4]",9
131,38,2,3,3,0.33459595959595956,0.11153198653198652,"[3, 4, 2]",8
132,44,18,3,4,0.39134615384615384,0.09783653846153846,"[12, 9, 18]",9
133,18,9,2,4,0.6027777777777777,0.15069444444444444,"[22, 9]",5
134,10,18,2,4,0.5888888888888888,0.1472222222222222,"[21, 18]",5
135,15,18,2,4,0.6027777777777777,0.15069444444444444,"[17, 18]",5
136,7,8,2,4,0.6857142857142856,0.1714285714285714,"[7, 8]",4
137,53,18,3,1,0.14166666666666666,0.14166666666666666,"[10, 13, 18]",7
138,29,9,3,1,0.14166666666666666,0.14166666666666666,"[16, 13, 9]",7
139,54,3,3,1,0.14166666666666666,0.14166666666666666,"[2, 16, 3]",7
140,11,10,2,4,0.6678571428571427,0.16696428571428568,"[13, 10]",4
141,19,15,2,4,0.5829365079365079,0.14573412698412697,"[20, 15]",6
142,21,13,2,4,0.6499999999999999,0.16249999999999998,"[11, 13]",4
143,70,16,3,3,0.36666666666666664,0.12222222222222222,"[6, 8, 16]",7
144,16,6,2,4,0.6027777777777777,0.15069444444444444,"[19, 6]",5
145,69,3,3,2,0.23118686868686866,0.11559343434343433,"[1, 4, 3]",8
146,37,12,3,1,0.12777777777777777,0.12777777777777777,"[4, 16, 12]",8
147,42,8,3,1,0.14166666666666666,0.14166666666666666,"[8, 13, 8]",7
148,12,2,2,5,0.7444444444444445,0.1488888888888889,"[14, 2]",5
149,4,9,2,4,0.5888888888888888,0.1472222222222222,"[15, 9]",5
150,1,13,2,5,0.7444444444444445,0.1488888888888889,"[5, 13]",5
151,84,6,3,4,0.4228535353535353,0.10571338383838383,"[9, 18, 6]",8
152,85,6,3,4,0.4304292929292929,0.10760732323232322,"[3, 18, 6]",8
153,63,2,3,3,0.327020202020202,0.109006734006734,"[18, 8, 2]",8
154,87,16,3,3,0.33459595959595956,0.11153198653198652,"[12, 8, 16]",8
155,18,8,2,4,0.6027777777777777,0.15069444444444444,"[22, 8]",5
156,7,11,2,4,0.6345238095238095,0.15863095238095237,"[7, 11]",5
157,10,11,2,4,0.6206349206349207,0.15515873015873016,"[21, 11]",5
158,15,12,2,5,0.8093253968253968,0.16186507936507938,"[17, 12]",4
159,11,21,2,5,0.8452380952380952,0.16904761904761906,"[13, 21]",4
160,73,12,3,1,0.14166666666666666,0.14166666666666666,"[10, 2, 12]",7
161,48,13,3,2,0.28313492063492063,0.14156746031746031,"[16, 16, 13]",6
162,98,11,3,1,0.14166666666666666,0.14166666666666666,"[2, 13, 11]",7
163,21,3,2,4,0.5888888888888888,0.1472222222222222,"[11, 3]",5
164,19,17,2,4,0.6027777777777777,0.15069444444444444,"[20, 17]",5
165,16,18,2,4,0.5888888888888888,0.1472222222222222,"[19, 18]",5
166,52,6,3,5,0.6090440115440116,0.12180880230880231,"[6, 6, 6]",6
167,12,3,2,4,0.6027777777777777,0.15069444444444444,"[14, 3]",5
168,4,6,2,5,0.8093253968253967,0.16186507936507935,"[15, 6]",4
169,23,18,3,4,0.46098484848484844,0.11524621212121211,"[1, 1, 18]",7
170,1,2,2,4,0.6166666666666667,0.15416666666666667,"[5, 2]",5
171,59,16,3,2,0.25416666666666665,0.12708333333333333,"[8, 16, 16]",7
172,57,16,3,2,0.25416666666666665,0.12708333333333333,"[4, 2, 16]",7
173,62,4,3,4,0.43800505050505045,0.10950126262626261,"[9, 1, 4]",8
174,64,4,3,4,0.4304292929292929,0.10760732323232322,"[3, 1, 4]",8
175,88,6,3,5,0.5543181818181817,0.11086363636363634,"[18, 6, 6]",7
176,66,6,3,5,0.5479079254079253,0.10958158508158507,"[12, 6, 6]",7
177,15,4,2,4,0.6027777777777777,0.15069444444444444,"[17, 4]",5
178,18,12,2,4,0.5888888888888888,0.1472222222222222,"[22, 12]",5
179,7,20,2,4,0.6384920634920634,0.15962301587301586,"[7, 20]",5
180,10,7,2,4,0.6678571428571428,0.1669642857142857,"[21, 7]",4
181,11,18,2,4,0.5888888888888888,0.1472222222222222,"[13, 18]",5
182,67,13,3,2,0.28313492063492063,0.14156746031746031,"[16, 2, 13]",6
183,93,3,3,1,0.14166666666666666,0.14166666666666666,"[10, 16, 3]",7
184,118,2,3,2,0.2720238095238095,0.13601190476190475,"[2, 2, 2]",6
185,21,18,2,4,0.540079365079365,0.13501984126984126,"[11, 18]",6
186,19,12,2,4,0.5888888888888888,0.1472222222222222,"[20, 12]",5
187,16,10,2,4,0.5888888888888888,0.1472222222222222,"[19, 10]",5
188,4,1,2,4,0.6027777777777777,0.15069444444444444,"[15, 1]",5
189,12,14,2,4,0.540079365079365,0.13501984126984126,"[14, 14]",6
190,25,4,3,4,0.4304292929292929,0.10760732323232322,"[6, 9, 4]",8
191,1,22,2,4,0.5888888888888888,0.1472222222222222,"[5, 22]",5
192,45,6,3,5,0.5479079254079253,0.10958158508158507,"[1, 18, 6]",7
193,82,18,3,2,0.2236111111111111,0.11180555555555555,"[8, 3, 18]",8
194,81,9,3,1,0.12777777777777777,0.12777777777777777,"[4, 13, 9]",8
195,63,13,3,3,0.33459595959595956,0.11153198653198652,"[18, 8, 13]",8
196,87,2,3,3,0.33459595959595956,0.11153198653198652,"[12, 8, 2]",8
197,34,2,3,3,0.33459595959595956,0.11153198653198652,"[9, 4, 2]",8
198,38,3,3,2,0.20608974358974358,0.10304487179487179,"[3, 4, 3]",9
199,10,10,2,4,0.6678571428571429,0.16696428571428573,"[21, 10]",4
200,15,1,2,4,0.6678571428571428,0.1669642857142857,"[17, 1]",4
201,18,15,2,4,0.6166666666666667,0.15416666666666667,"[22, 15]",5
202,7,4,2,5,0.8452380952380951,0.16904761904761903,"[7, 4]",4
203,11,8,2,4,0.6678571428571429,0.16696428571428573,"[13, 8]",4
204,89,9,3,3,0.33459595959595956,0.11153198653198652,"[16, 12, 9]",8
205,21,19,2,4,0.5359126984126984,0.1339781746031746,"[11, 19]",6
206,31,4,3,3,0.33459595959595956,0.11153198653198652,"[2, 3, 4]",8
207,28,8,3,2,0.23118686868686866,0.11559343434343433,"[10, 12, 8]",8
208,19,3,2,4,0.6857142857142856,0.1714285714285714,"[20, 3]",4
209,16,21,2,4,0.6206349206349207,0.15515873015873016,"[19, 21]",5
210,4,4,2,4,0.5888888888888888,0.1472222222222222,"[15, 4]",5
211,1,16,2,4,0.6166666666666667,0.15416666666666667,"[5, 16]",5
212,12,15,2,4,0.5650793650793651,0.14126984126984127,"[14, 15]",6
213,70,13,3,3,0.34848484848484845,0.11616161616161615,"[6, 8, 13]",7
214,69,13,3,3,0.36666666666666664,0.12222222222222222,"[1, 4, 13]",7
215,104,16,3,2,0.25416666666666665,0.12708333333333333,"[8, 2, 16]",7
216,126,6,3,3,0.34848484848484845,0.11616161616161615,"[4, 12, 6]",7
217,10,20,2,4,0.6206349206349207,0.15515873015873016,"[21, 20]",5
218,15,5,2,4,0.6166666666666667,0.15416666666666667,"[17, 5]",5
219,7,21,2,4,0.6857142857142856,0.1714285714285714,"[7, 21]",4
220,11,7,2,5,0.8273809523809523,0.16547619047619047,"[13, 7]",4
221,18,2,2,5,0.8452380952380951,0.16904761904761903,"[22, 2]",4
222,35,18,3,4,0.39134615384615384,0.09783653846153846,"[18, 9, 18]",9
223,44,1,3,4,0.4304292929292929,0.10760732323232322,"[12, 9, 1]",8
224,84,8,3,4,0.39775641025641023,0.09943910256410256,"[9, 18, 8]",9
225,85,9,3,4,0.39134615384615384,0.09783653846153846,"[3, 18, 9]",9
226,19,6,2,4,0.5888888888888888,0.1472222222222222,"[20, 6]",5
227,21,5,2,4,0.5650793650793651,0.14126984126984127,"[11, 5]",6
228,16,1,2,5,0.8093253968253968,0.16186507936507938,"[19, 1]",4
229,114,4,3,3,0.33459595959595956,0.11153198653198652,"[16, 3, 4]",8
230,75,6,3,3,0.35757575757575755,0.11919191919191918,"[2, 12, 6]",7
231,4,11,2,4,0.6027777777777777,0.15069444444444444,"[15, 11]",5
232,113,18,3,2,0.2236111111111111,0.11180555555555555,"[10, 3, 18]",8
233,1,5,2,4,0.528968253968254,0.1322420634920635,"[5, 5]",6
234,12,16,2,4,0.6166666666666667,0.15416666666666667,"[14, 16]",5
235,52,8,3,4,0.47007575757575754,0.11751893939393938,"[6, 6, 8]",7
236,23,1,3,5,0.6090440115440116,0.12180880230880231,"[1, 1, 1]",6
237,7,10,2,4,0.6857142857142856,0.1714285714285714,"[7, 10]",4
238,18,14,2,4,0.5888888888888888,0.1472222222222222,"[22, 14]",5
239,10,21,2,4,0.6857142857142857,0.17142857142857143,"[21, 21]",4
240,11,1,2,4,0.6857142857142856,0.1714285714285714,"[13, 1]",4
241,15,3,2,4,0.5888888888888888,0.1472222222222222,"[17, 3]",5
242,124,8,3,2,0.2125,0.10625,"[8, 12, 8]",9
243,103,1,3,3,0.327020202020202,0.109006734006734,"[4, 3, 1]",8
244,66,8,3,4,0.43800505050505045,0.10950126262626261,"[12, 6, 8]",8
245,19,8,2,4,0.5511904761904761,0.13779761904761903,"[20, 8]",6
246,88,8,3,4,0.43800505050505045,0.10950126262626261,"[18, 6, 8]",8
247,62,1,3,5,0.5479079254079253,0.10958158508158507,"[9, 1, 1]",7
248,64,1,3,5,0.5543181818181817,0.11086363636363634,"[3, 1, 1]",7
249,16,9,2,4,0.528968253968254,0.1322420634920635,"[19, 9]",6
250,21,2,2,4,0.6857142857142857,0.17142857142857143,"[11, 2]",4
251,4,8,2,5,0.863095238095238,0.17261904761904762,"[15, 8]",4
252,48,12,3,1,0.14166666666666666,0.14166666666666666,"[16, 16, 12]",7
253,118,12,3,1,0.14166666666666666,0.14166666666666666,"[2, 2, 12]",7
254,53,1,3,1,0.1595238095238095,0.1595238095238095,"[10, 13, 1]",6
255,12,9,2,4,0.540079365079365,0.13501984126984126,"[14, 9]",6
256,1,19,2,4,0.5789682539682539,0.14474206349206348,"[5, 19]",6
257,76,9,3,1,0.14166666666666666,0.14166666666666666,"[7, 6, 9]",7
258,26,6,3,2,0.28313492063492063,0.14156746031746031,"[21, 6, 6]",6
259,27,13,3,1,0.1595238095238095,0.1595238095238095,"[13, 4, 13]",6
260,30,1,3,1,0.1595238095238095,0.1595238095238095,"[17, 13, 1]",6
261,32,18,3,1,0.14166666666666666,0.14166666666666666,"[22, 3, 18]",7
262,70,2,3,3,0.36666666666666664,0.12222222222222222,"[6, 8, 2]",7
263,45,8,3,4,0.4304292929292929,0.10760732323232322,"[1, 18, 8]",8
264,42,1,3,1,0.14166666666666666,0.14166666666666666,"[8, 13, 1]",7
265,57,2,3,2,0.25416666666666665,0.12708333333333333,"[4, 2, 2]",7
266,41,18,3,1,0.14166666666666666,0.14166666666666666,"[20, 13, 18]",7
267,60,8,3,2,0.28313492063492063,0.14156746031746031,"[11, 12, 8]",6
268,58,13,3,1,0.1595238095238095,0.1595238095238095,"[19, 4, 13]",6
269,168,8,3,2,0.28313492063492063,0.14156746031746031,"[15, 6, 8]",6
270,34,13,3,2,0.23118686868686866,0.11559343434343433,"[9, 4, 13]",8
271,87,13,3,2,0.2236111111111111,0.11180555555555555,"[12, 8, 13]",8
272,63,12,3,2,0.20608974358974358,0.10304487179487179,"[18, 8, 12]",9
273,38,16,3,2,0.2236111111111111,0.11180555555555555,"[3, 4, 16]",8
274,67,16,3,2,0.2720238095238095,0.13601190476190475,"[16, 2, 16]",6
275,54,16,3,2,0.2720238095238095,0.13601190476190475,"[2, 16, 16]",6
276,61,6,3,1,0.14166666666666666,0.14166666666666666,"[5, 12, 6]",7
277,65,16,3,1,0.14166666666666666,0.14166666666666666,"[14, 17, 16]",7
278,73,13,3,2,0.2720238095238095,0.13601190476190475,"[10, 2, 13]",6
279,71,16,3,1,0.1595238095238095,0.1595238095238095,"[21, 4, 16]",6
280,72,6,3,2,0.28313492063492063,0.14156746031746031,"[13, 6, 6]",6
281,96,18,3,1,0.14166666666666666,0.14166666666666666,"[7, 7, 18]",7
282,74,3,3,1,0.14166666666666666,0.14166666666666666,"[17, 2, 3]",7
283,50,6,3,1,0.1595238095238095,0.1595238095238095,"[22, 6, 6]",6
284,25,18,3,4,0.4228535353535353,0.10571338383838383,"[6, 9, 18]",8
285,69,2,3,3,0.36666666666666664,0.12222222222222222,"[1, 4, 2]",7
286,59,12,3,2,0.24507575757575756,0.12253787878787878,"[8, 16, 12]",7
287,126,8,3,2,0.23118686868686866,0.11559343434343433,"[4, 12, 8]",8
288,123,16,3,1,0.1595238095238095,0.1595238095238095,"[11, 16, 16]",6
289,55,12,3,1,0.1595238095238095,0.1595238095238095,"[20, 16, 12]",6
290,228,1,3,2,0.28313492063492063,0.14156746031746031,"[19, 1, 1]",6
291,251,13,3,1,0.1595238095238095,0.1595238095238095,"[15, 8, 13]",6
292,84,9,3,4,0.39134615384615384,0.09783653846153846,"[9, 18, 9]",9
293,44,4,3,4,0.4304292929292929,0.10760732323232322,"[12, 9, 4]",8
294,85,8,3,4,0.4304292929292929,0.10760732323232322,"[3, 18, 8]",8
295,35,1,3,4,0.4228535353535353,0.10571338383838383,"[18, 9, 1]",8
296,29,1,3,1,0.1595238095238095,0.1595238095238095,"[16, 13, 1]",6
297,98,21,3,1,0.1595238095238095,0.1595238095238095,"[2, 13, 21]",6
298,93,13,3,2,0.28313492063492063,0.14156746031746031,"[10, 16, 13]",6
299,128,18,3,1,0.12777777777777777,0.12777777777777777,"[5, 1, 18]",8
300,86,10,3,1,0.14166666666666666,0.14166666666666666,"[14, 13, 10]",7
301,91,1,3,2,0.2720238095238095,0.13601190476190475,"[21, 1, 1]",6
302,140,2,3,1,0.1595238095238095,0.1595238095238095,"[13, 10, 2]",6
303,116,1,3,2,0.28313492063492063,0.14156746031746031,"[7, 1, 1]",6
304,94,12,3,1,0.14166666666666666,0.14166666666666666,"[17, 22, 12]",7
305,68,22,3,1,0.1595238095238095,0.1595238095238095,"[22, 17, 22]",6
306,166,9,4,1,0.1125,0.1125,"[6, 6, 6, 9]",9
307,236,4,4,1,0.1125,0.1125,"[1, 1, 1, 4]",9
308,104,3,3,2,0.25416666666666665,0.12708333333333333,"[8, 2, 3]",7
309,37,13,3,2,0.24507575757575756,0.12253787878787878,"[4, 16, 13]",7
310,142,18,3,1,0.14166666666666666,0.14166666666666666,"[11, 13, 18]",7
311,121,13,3,1,0.1595238095238095,0.1595238095238095,"[20, 2, 13]",6
312,40,15,3,1,0.12777777777777777,0.12777777777777777,"[19, 20, 15]",8
313,36,20,3,1,0.14166666666666666,0.14166666666666666,"[15, 21, 20]",7
314,89,6,3,3,0.34848484848484845,0.11616161616161615,"[16, 12, 6]",7
315,75,8,3,3,0.327020202020202,0.109006734006734,"[2, 12, 8]",8
316,176,6,4,2,0.19942307692307693,0.09971153846153846,"[12, 6, 6, 6]",9
317,28,9,3,2,0.23118686868686866,0.11559343434343433,"[10, 12, 9]",8
318,247,4,4,1,0.10340909090909091,0.10340909090909091,"[9, 1, 1, 4]",10
319,248,4,4,1,0.10340909090909091,0.10340909090909091,"[3, 1, 1, 4]",10
320,175,6,4,2,0.2058333333333333,0.10291666666666666,"[18, 6, 6, 6]",9
321,127,8,3,1,0.12777777777777777,0.12777777777777777,"[14, 6, 8]",8
322,112,16,3,1,0.1595238095238095,0.1595238095238095,"[21, 8, 16]",6
323,159,8,3,1,0.1595238095238095,0.1595238095238095,"[13, 21, 8]",6
324,150,1,3,1,0.14166666666666666,0.14166666666666666,"[5, 13, 1]",7
325,136,2,3,1,0.1595238095238095,0.1595238095238095,"[7, 8, 2]",6
326,90,2,3,1,0.1595238095238095,0.1595238095238095,"[22, 16, 2]",6
327,115,2,3,1,0.1595238095238095,0.1595238095238095,"[17, 16, 2]",6
328,70,3,3,2,0.24507575757575756,0.12253787878787878,"[6, 8, 3]",7
329,69,16,3,3,0.35757575757575755,0.11919191919191918,"[1, 4, 16]",7
330,82,1,3,3,0.35757575757575755,0.11919191919191918,"[8, 3, 1]",7
331,81,6,3,1,0.14166666666666666,0.14166666666666666,"[4, 13, 6]",7
332,208,1,3,1,0.1595238095238095,0.1595238095238095,"[20, 3, 1]",6
333,250,3,3,1,0.14166666666666666,0.14166666666666666,"[11, 2, 3]",7
334,56,2,3,1,0.14166666666666666,0.14166666666666666,"[15, 10, 2]",7
335,100,3,3,1,0.12777777777777777,0.12777777777777777,"[19, 8, 3]",8
336,114,18,3,2,0.23118686868686866,0.11559343434343433,"[16, 3, 18]",8
337,31,18,3,2,0.23118686868686866,0.11559343434343433,"[2, 3, 18]",8
338,180,18,3,1,0.14166666666666666,0.14166666666666666,"[21, 7, 18]",7
339,203,3,3,1,0.14166666666666666,0.14166666666666666,"[13, 8, 3]",7
340,113,4,3,3,0.327020202020202,0.109006734006734,"[10, 3, 4]",8
341,202,16,3,1,0.1595238095238095,0.1595238095238095,"[7, 4, 16]",6
342,87,12,3,2,0.20608974358974358,0.10304487179487179,"[12, 8, 12]",9
343,148,2,3,1,0.14166666666666666,0.14166666666666666,"[14, 2, 2]",7
344,170,2,3,1,0.14166666666666666,0.14166666666666666,"[5, 2, 2]",7
345,111,21,3,1,0.1595238095238095,0.1595238095238095,"[22, 13, 21]",6
346,34,12,3,2,0.2236111111111111,0.11180555555555555,"[9, 4, 12]",8
347,38,13,3,2,0.2236111111111111,0.11180555555555555,"[3, 4, 13]",8
348,63,3,3,2,0.2236111111111111,0.11180555555555555,"[18, 8, 3]",8
349,158,6,3,2,0.28313492063492063,0.14156746031746031,"[17, 12, 6]",6
350,120,4,4,1,0.10340909090909091,0.10340909090909091,"[6, 9, 1, 4]",10
351,192,8,4,1,0.10340909090909091,0.10340909090909091,"[1, 18, 6, 8]",10
352,124,9,3,2,0.20608974358974358,0.10304487179487179,"[8, 12, 9]",9
353,164,3,3,1,0.14166666666666666,0.14166666666666666,"[20, 17, 3]",7
354,103,4,3,2,0.2125,0.10625,"[4, 3, 4]",9
355,43,4,3,1,0.12777777777777777,0.12777777777777777,"[11, 1, 4]",8
356,80,4,3,1,0.14166666666666666,0.14166666666666666,"[15, 7, 4]",7
357,122,1,3,1,0.1595238095238095,0.1595238095238095,"[19, 7, 1]",6
358,199,12,3,1,0.14166666666666666,0.14166666666666666,"[21, 10, 12]",7
359,220,10,3,1,0.1595238095238095,0.1595238095238095,"[13, 7, 10]",6
360,67,3,3,1,0.14166666666666666,0.14166666666666666,"[16, 2, 3]",7
361,219,6,3,1,0.1595238095238095,0.1595238095238095,"[7, 21, 6]",6
362,54,2,3,2,0.28313492063492063,0.14156746031746031,"[2, 16, 2]",6
363,221,13,3,1,0.1595238095238095,0.1595238095238095,"[22, 2, 13]",6
364,53,10,3,1,0.1595238095238095,0.1595238095238095,"[10, 13, 10]",6
365,200,18,3,1,0.14166666666666666,0.14166666666666666,"[17, 1, 18]",7
366,191,3,3,1,0.14166666666666666,0.14166666666666666,"[5, 22, 3]",7
367,167,1,3,1,0.14166666666666666,0.14166666666666666,"[14, 3, 1]",7
368,223,4,4,1,0.10340909090909091,0.10340909090909091,"[12, 9, 1, 4]",10
369,151,6,4,1,0.10340909090909091,0.10340909090909091,"[9, 18, 6, 6]",10
370,152,8,4,1,0.10340909090909091,0.10340909090909091,"[3, 18, 6, 8]",10
371,295,18,4,1,0.09583333333333333,0.09583333333333333,"[18, 9, 1, 18]",11
372,97,18,4,1,0.10340909090909091,0.10340909090909091,"[6, 6, 9, 18]",10
373,186,6,3,1,0.14166666666666666,0.14166666666666666,"[20, 12, 6]",7
374,95,3,4,1,0.10340909090909091,0.10340909090909091,"[1, 1, 4, 3]",10
375,42,7,3,1,0.14166666666666666,0.14166666666666666,"[8, 13, 7]",7
376,101,13,3,1,0.1595238095238095,0.1595238095238095,"[11, 22, 13]",6
377,57,12,3,2,0.24507575757575756,0.12253787878787878,"[4, 2, 12]",7
378,149,18,3,1,0.12777777777777777,0.12777777777777777,"[15, 9, 18]",8
379,144,8,3,1,0.14166666666666666,0.14166666666666666,"[19, 6, 8]",7
380,240,4,3,1,0.1595238095238095,0.1595238095238095,"[13, 1, 4]",6
381,237,16,3,1,0.1595238095238095,0.1595238095238095,"[7, 10, 16]",6
382,239,7,3,1,0.1595238095238095,0.1595238095238095,"[21, 21, 7]",6
383,133,1,3,1,0.14166666666666666,0.14166666666666666,"[22, 9, 1]",7
384,29,7,3,1,0.1595238095238095,0.1595238095238095,"[16, 13, 7]",6
385,98,9,3,1,0.14166666666666666,0.14166666666666666,"[2, 13, 9]",7
386,73,16,3,2,0.28313492063492063,0.14156746031746031,"[10, 2, 16]",6
387,49,10,3,1,0.14166666666666666,0.14166666666666666,"[17, 19, 10]",7
388,211,16,3,1,0.14166666666666666,0.14166666666666666,"[5, 16, 16]",7
389,234,16,3,1,0.14166666666666666,0.14166666666666666,"[14, 16, 16]",7
390,110,18,4,1,0.09583333333333333,0.09583333333333333,"[12, 6, 9, 18]",11
391,107,6,4,1,0.10340909090909091,0.10340909090909091,"[9, 1, 18, 6]",10
392,109,6,4,1,0.10340909090909091,0.10340909090909091,"[3, 1, 18, 6]",10
393,108,18,4,1,0.09583333333333333,0.09583333333333333,"[18, 6, 9, 18]",11
394,226,8,3,1,0.12777777777777777,0.12777777777777777,"[20, 6, 8]",8
395,163,4,3,1,0.12777777777777777,0.12777777777777777,"[11, 3, 4]",8
396,59,3,3,1,0.12777777777777777,0.12777777777777777,"[8, 16, 3]",8
397,165,6,3,1,0.14166666666666666,0.14166666666666666,"[19, 18, 6]",7
398,70,12,3,2,0.2236111111111111,0.11180555555555555,"[6, 8, 12]",8
399,37,2,3,2,0.24507575757575756,0.12253787878787878,"[4, 16, 2]",7
400,188,4,3,1,0.14166666666666666,0.14166666666666666,"[15, 1, 4]",7
401,69,12,3,2,0.24507575757575756,0.12253787878787878,"[1, 4, 12]",7
402,47,19,3,1,0.1236111111111111,0.1236111111111111,"[13, 11, 19]",8
403,24,18,3,1,0.12777777777777777,0.12777777777777777,"[7, 9, 18]",8
404,46,1,3,1,0.14166666666666666,0.14166666666666666,"[21, 9, 1]",7
405,48,3,3,1,0.14166666666666666,0.14166666666666666,"[16, 16, 3]",7
406,155,3,3,1,0.14166666666666666,0.14166666666666666,"[22, 8, 3]",7
407,93,2,3,2,0.28313492063492063,0.14156746031746031,"[10, 16, 2]",6
408,118,3,3,1,0.14166666666666666,0.14166666666666666,"[2, 2, 3]",7
409,135,9,3,1,0.12777777777777777,0.12777777777777777,"[17, 18, 9]",8
410,33,8,3,1,0.12777777777777777,0.12777777777777777,"[5, 18, 8]",8
411,39,8,3,1,0.11666666666666667,0.11666666666666667,"[14, 12, 8]",9
412,87,3,3,2,0.23118686868686866,0.11559343434343433,"[12, 8, 3]",8
413,34,3,3,2,0.2125,0.10625,"[9, 4, 3]",9
414,38,12,3,3,0.33459595959595956,0.11153198653198652,"[3, 4, 12]",8
415,63,16,3,2,0.2236111111111111,0.11180555555555555,"[18, 8, 16]",8
416,77,14,3,1,0.11666666666666667,0.11666666666666667,"[20, 14, 14]",9
417,79,16,3,1,0.12777777777777777,0.12777777777777777,"[11, 4, 16]",8
418,187,3,3,1,0.12777777777777777,0.12777777777777777,"[19, 10, 3]",8
419,210,3,3,1,0.12777777777777777,0.12777777777777777,"[15, 4, 3]",8
420,104,13,3,2,0.25416666666666665,0.12708333333333333,"[8, 2, 13]",7
421,81,21,3,1,0.14166666666666666,0.14166666666666666,"[4, 13, 21]",7
422,119,1,4,1,0.10340909090909091,0.10340909090909091,"[1, 18, 9, 1]",10
423,190,13,4,1,0.10340909090909091,0.10340909090909091,"[6, 9, 4, 13]",10
424,134,6,3,1,0.14166666666666666,0.14166666666666666,"[21, 18, 6]",7
425,92,4,3,1,0.12777777777777777,0.12777777777777777,"[13, 9, 4]",8
426,51,8,3,1,0.12777777777777777,0.12777777777777777,"[7, 18, 8]",8
427,178,6,3,1,0.14166666666666666,0.14166666666666666,"[22, 12, 6]",7
428,28,6,3,3,0.34848484848484845,0.11616161616161615,"[10, 12, 6]",7
429,89,8,3,2,0.23118686868686866,0.11559343434343433,"[16, 12, 8]",8
430,75,9,3,2,0.2236111111111111,0.11180555555555555,"[2, 12, 9]",8
431,177,3,3,1,0.12777777777777777,0.12777777777777777,"[17, 4, 3]",8
432,83,12,3,1,0.12777777777777777,0.12777777777777777,"[5, 4, 12]",8
433,105,3,3,1,0.12777777777777777,0.12777777777777777,"[14, 8, 3]",8
434,293,2,4,1,0.10340909090909091,0.10340909090909091,"[12, 9, 4, 2]",10
435,294,16,4,1,0.10340909090909091,0.10340909090909091,"[3, 18, 8, 16]",10
436,224,2,4,1,0.09583333333333333,0.09583333333333333,"[9, 18, 8, 2]",11
437,130,2,4,1,0.09583333333333333,0.09583333333333333,"[18, 9, 4, 2]",11
438,99,1,3,1,0.12777777777777777,0.12777777777777777,"[20, 9, 1]",8
439,185,8,3,1,0.12777777777777777,0.12777777777777777,"[11, 18, 8]",8
440,209,7,3,1,0.14166666666666666,0.14166666666666666,"[19, 21, 7]",7
441,231,13,3,1,0.14166666666666666,0.14166666666666666,"[15, 11, 13]",7
442,82,4,3,2,0.23118686868686866,0.11559343434343433,"[8, 3, 4]",8
443,126,9,3,2,0.2236111111111111,0.11180555555555555,"[4, 12, 9]",8
444,157,5,3,1,0.12777777777777777,0.12777777777777777,"[21, 11, 5]",8
445,117,12,3,1,0.14166666666666666,0.14166666666666666,"[13, 20, 12]",7
446,214,7,4,1,0.1125,0.1125,"[1, 4, 13, 7]",9
447,143,2,4,1,0.1125,0.1125,"[6, 8, 16, 2]",9
448,156,1,3,1,0.14166666666666666,0.14166666666666666,"[7, 11, 1]",7
449,201,1,3,1,0.14166666666666666,0.14166666666666666,"[22, 15, 1]",7
450,113,1,3,3,0.35757575757575755,0.11919191919191918,"[10, 3, 1]",7
451,114,1,3,3,0.35757575757575755,0.11919191919191918,"[16, 3, 1]",7
452,31,1,3,3,0.35757575757575755,0.11919191919191918,"[2, 3, 1]",7
453,218,16,3,1,0.14166666666666666,0.14166666666666666,"[17, 5, 16]",7
454,106,4,3,1,0.11666666666666667,0.11666666666666667,"[5, 3, 4]",9
455,189,16,3,1,0.12777777777777777,0.12777777777777777,"[14, 14, 16]",8
456,244,2,4,1,0.10340909090909091,0.10340909090909091,"[12, 6, 8, 2]",10
457,174,13,4,1,0.10340909090909091,0.10340909090909091,"[3, 1, 4, 13]",10
458,141,8,3,1,0.1595238095238095,0.1595238095238095,"[20, 15, 8]",6
459,205,6,3,1,0.12777777777777777,0.12777777777777777,"[11, 19, 6]",8
460,78,2,3,1,0.1595238095238095,0.1595238095238095,"[19, 11, 2]",6
461,173,12,4,1,0.10340909090909091,0.10340909090909091,"[9, 1, 4, 12]",10
462,246,2,4,1,0.10340909090909091,0.10340909090909091,"[18, 6, 8, 2]",10
463,102,6,3,1,0.12777777777777777,0.12777777777777777,"[15, 18, 6]",8
464,124,6,3,3,0.327020202020202,0.109006734006734,"[8, 12, 6]",8
465,103,18,3,2,0.2125,0.10625,"[4, 3, 18]",9
466,217,12,3,1,0.14166666666666666,0.14166666666666666,"[21, 20, 12]",7
467,181,9,3,1,0.12777777777777777,0.12777777777777777,"[13, 18, 9]",8
468,179,9,3,1,0.12777777777777777,0.12777777777777777,"[7, 20, 9]",8
469,238,3,3,1,0.14166666666666666,0.14166666666666666,"[22, 14, 3]",7
470,53,4,3,1,0.1595238095238095,0.1595238095238095,"[10, 13, 4]",6
471,169,8,4,1,0.10340909090909091,0.10340909090909091,"[1, 1, 18, 8]",10
472,235,12,4,1,0.10340909090909091,0.10340909090909091,"[6, 6, 8, 12]",10
473,29,8,3,1,0.1595238095238095,0.1595238095238095,"[16, 13, 8]",6
474,54,12,3,1,0.14166666666666666,0.14166666666666666,"[2, 16, 12]",7
475,241,4,3,1,0.12777777777777777,0.12777777777777777,"[17, 3, 4]",8
476,212,11,3,1,0.12777777777777777,0.12777777777777777,"[14, 15, 11]",8
477,233,1,3,1,0.12777777777777777,0.12777777777777777,"[5, 5, 1]",8
478,245,2,3,1,0.12777777777777777,0.12777777777777777,"[20, 8, 2]",8
479,249,1,3,1,0.12777777777777777,0.12777777777777777,"[19, 9, 1]",8
480,227,2,3,1,0.12777777777777777,0.12777777777777777,"[11, 5, 2]",8
481,125,12,3,1,0.12777777777777777,0.12777777777777777,"[15, 20, 12]",8
482,154,2,4,1,0.10340909090909091,0.10340909090909091,"[12, 8, 16, 2]",10
483,131,13,4,1,0.10340909090909091,0.10340909090909091,"[3, 4, 2, 13]",10
484,26,9,3,1,0.14166666666666666,0.14166666666666666,"[21, 6, 9]",7
485,27,2,3,1,0.1595238095238095,0.1595238095238095,"[13, 4, 2]",6
486,42,11,3,1,0.12777777777777777,0.12777777777777777,"[8, 13, 11]",8
487,129,13,4,1,0.10340909090909091,0.10340909090909091,"[9, 4, 16, 13]",10
488,50,9,3,1,0.14166666666666666,0.14166666666666666,"[22, 6, 9]",7
489,153,12,4,1,0.09583333333333333,0.09583333333333333,"[18, 8, 2, 12]",11
490,116,18,3,1,0.14166666666666666,0.14166666666666666,"[7, 1, 18]",7
491,57,3,3,1,0.12777777777777777,0.12777777777777777,"[4, 2, 3]",8
492,73,3,3,1,0.14166666666666666,0.14166666666666666,"[10, 2, 3]",7
493,67,12,3,1,0.14166666666666666,0.14166666666666666,"[16, 2, 12]",7
494,98,8,3,1,0.1595238095238095,0.1595238095238095,"[2, 13, 8]",6
495,30,9,3,1,0.14166666666666666,0.14166666666666666,"[17, 13, 9]",7
496,263,2,4,1,0.10340909090909091,0.10340909090909091,"[1, 18, 8, 2]",10
497,284,9,4,1,0.09583333333333333,0.09583333333333333,"[6, 9, 18, 9]",11
498,255,1,3,1,0.12777777777777777,0.12777777777777777,"[14, 9, 1]",8
499,256,1,3,1,0.14166666666666666,0.14166666666666666,"[5, 19, 1]",7
500,55,2,3,1,0.1595238095238095,0.1595238095238095,"[20, 16, 2]",6
501,58,2,3,1,0.1595238095238095,0.1595238095238095,"[19, 4, 2]",6
502,60,6,3,1,0.1595238095238095,0.1595238095238095,"[11, 12, 6]",6
503,72,8,3,1,0.1595238095238095,0.1595238095238095,"[13, 6, 8]",6
504,71,3,3,1,0.1595238095238095,0.1595238095238095,"[21, 4, 3]",6
505,168,9,3,1,0.14166666666666666,0.14166666666666666,"[15, 6, 9]",7
506,68,19,3,1,0.14166666666666666,0.14166666666666666,"[22, 17, 19]",7
507,136,3,3,1,0.14166666666666666,0.14166666666666666,"[7, 8, 3]",7
508,93,12,3,1,0.14166666666666666,0.14166666666666666,"[10, 16, 12]",7
509,104,2,3,1,0.14166666666666666,0.14166666666666666,"[8, 2, 2]",7
510,48,2,3,2,0.28313492063492063,0.14156746031746031,"[16, 16, 2]",6
511,132,8,4,1,0.08942307692307692,0.08942307692307692,"[12, 9, 18, 8]",12
512,37,3,3,2,0.24507575757575756,0.12253787878787878,"[4, 16, 3]",7
513,225,4,4,1,0.08942307692307692,0.08942307692307692,"[3, 18, 9, 4]",12
514,118,13,3,2,0.28313492063492063,0.14156746031746031,"[2, 2, 13]",6
515,292,1,4,1,0.09583333333333333,0.09583333333333333,"[9, 18, 9, 1]",11
516,115,3,3,1,0.1595238095238095,0.1595238095238095,"[17, 16, 3]",6
517,222,8,4,1,0.08942307692307692,0.08942307692307692,"[18, 9, 18, 8]",12
518,285,13,4,1,0.1125,0.1125,"[1, 4, 2, 13]",9
519,213,11,4,1,0.10340909090909091,0.10340909090909091,"[6, 8, 13, 11]",10
520,61,8,3,1,0.14166666666666666,0.14166666666666666,"[5, 12, 8]",7
521,65,3,3,1,0.12777777777777777,0.12777777777777777,"[14, 17, 3]",8
522,121,3,3,1,0.1595238095238095,0.1595238095238095,"[20, 2, 3]",6
523,228,4,3,1,0.1595238095238095,0.1595238095238095,"[19, 1, 4]",6
524,123,12,3,1,0.14166666666666666,0.14166666666666666,"[11, 16, 12]",7
525,140,3,3,1,0.14166666666666666,0.14166666666666666,"[13, 10, 3]",7
526,91,4,3,1,0.1595238095238095,0.1595238095238095,"[21, 1, 4]",6
527,251,16,3,1,0.1595238095238095,0.1595238095238095,"[15, 8, 16]",6
528,90,12,3,1,0.1595238095238095,0.1595238095238095,"[22, 16, 12]",6
529,202,2,3,1,0.1595238095238095,0.1595238095238095,"[7, 4, 2]",6
530,428,9,4,1,0.10340909090909091,0.10340909090909091,"[10, 12, 6, 9]",10
531,314,8,4,1,0.10340909090909091,0.10340909090909091,"[16, 12, 6, 8]",10
532,59,2,3,2,0.25416666666666665,0.12708333333333333,"[8, 16, 2]",7
533,452,1,4,1,0.1125,0.1125,"[2, 3, 1, 1]",9
534,158,8,3,1,0.1595238095238095,0.1595238095238095,"[17, 12, 8]",6
535,81,8,3,1,0.14166666666666666,0.14166666666666666,"[4, 13, 8]",7
536,176,8,4,1,0.10340909090909091,0.10340909090909091,"[12, 6, 6, 8]",10
537,248,18,4,1,0.10340909090909091,0.10340909090909091,"[3, 1, 1, 18]",10
538,247,18,4,1,0.10340909090909091,0.10340909090909091,"[9, 1, 1, 18]",10
539,175,9,4,1,0.10340909090909091,0.10340909090909091,"[18, 6, 6, 9]",10
540,150,6,3,1,0.14166666666666666,0.14166666666666666,"[5, 13, 6]",7
541,236,1,4,2,0.224520202020202,0.112260101010101,"[1, 1, 1, 1]",8
542,86,9,3,1,0.12777777777777777,0.12777777777777777,"[14, 13, 9]",8
543,166,6,4,2,0.224520202020202,0.112260101010101,"[6, 6, 6, 6]",8
544,208,18,3,1,0.14166666666666666,0.14166666666666666,"[20, 3, 18]",7
545,122,9,3,1,0.12777777777777777,0.12777777777777777,"[19, 7, 9]",8
546,112,2,3,1,0.1595238095238095,0.1595238095238095,"[21, 8, 2]",6
547,159,4,3,1,0.1595238095238095,0.1595238095238095,"[13, 21, 4]",6
548,142,20,3,1,0.14166666666666666,0.14166666666666666,"[11, 13, 20]",7
549,36,7,3,1,0.14166666666666666,0.14166666666666666,"[15, 21, 7]",7
550,111,10,3,1,0.1595238095238095,0.1595238095238095,"[22, 13, 10]",6
551,219,9,3,1,0.14166666666666666,0.14166666666666666,"[7, 21, 9]",7
552,74,13,3,1,0.1595238095238095,0.1595238095238095,"[17, 2, 13]",6
553,330,18,4,1,0.10340909090909091,0.10340909090909091,"[8, 3, 1, 18]",10
554,216,9,4,1,0.10340909090909091,0.10340909090909091,"[4, 12, 6, 9]",10
555,450,1,4,1,0.1125,0.1125,"[10, 3, 1, 1]",9
556,451,1,4,1,0.1125,0.1125,"[16, 3, 1, 1]",9
557,230,8,4,1,0.10340909090909091,0.10340909090909091,"[2, 12, 6, 8]",10
558,196,2,4,1,0.10340909090909091,0.10340909090909091,"[12, 8, 2, 2]",10
559,273,12,4,1,0.09583333333333333,0.09583333333333333,"[3, 4, 16, 12]",11
560,170,13,3,1,0.14166666666666666,0.14166666666666666,"[5, 2, 13]",7
561,197,16,4,1,0.10340909090909091,0.10340909090909091,"[9, 4, 2, 16]",10
562,195,10,4,1,0.10340909090909091,0.10340909090909091,"[18, 8, 13, 10]",10
563,192,9,4,1,0.10340909090909091,0.10340909090909091,"[1, 18, 6, 9]",10
564,148,16,3,1,0.14166666666666666,0.14166666666666666,"[14, 2, 16]",7
565,120,18,4,1,0.10340909090909091,0.10340909090909091,"[6, 9, 1, 18]",10
566,41,7,3,1,0.1595238095238095,0.1595238095238095,"[20, 13, 7]",6
567,239,10,3,1,0.1595238095238095,0.1595238095238095,"[21, 21, 10]",6
568,144,9,3,1,0.12777777777777777,0.12777777777777777,"[19, 6, 9]",8
569,220,18,3,1,0.14166666666666666,0.14166666666666666,"[13, 7, 18]",7
570,221,2,3,1,0.1595238095238095,0.1595238095238095,"[22, 2, 2]",6
571,250,2,3,1,0.1595238095238095,0.1595238095238095,"[11, 2, 2]",6
572,56,13,3,1,0.14166666666666666,0.14166666666666666,"[15, 10, 13]",7
573,237,3,3,1,0.14166666666666666,0.14166666666666666,"[7, 10, 3]",7
574,94,6,3,1,0.1595238095238095,0.1595238095238095,"[17, 22, 6]",6
575,53,20,3,1,0.14166666666666666,0.14166666666666666,"[10, 13, 20]",7
576,29,10,3,1,0.1595238095238095,0.1595238095238095,"[16, 13, 10]",6
577,464,9,4,1,0.09583333333333333,0.09583333333333333,"[8, 12, 6, 9]",11
578,243,1,4,1,0.10340909090909091,0.10340909090909091,"[4, 3, 1, 1]",10
579,54,13,3,2,0.28313492063492063,0.14156746031746031,"[2, 16, 13]",6
580,191,14,3,1,0.12777777777777777,0.12777777777777777,"[5, 22, 14]",8
581,167,18,3,1,0.12777777777777777,0.12777777777777777,"[14, 3, 18]",8
582,223,18,4,1,0.09583333333333333,0.09583333333333333,"[12, 9, 1, 18]",11
583,152,6,4,1,0.10340909090909091,0.10340909090909091,"[3, 18, 6, 6]",10
584,151,9,4,1,0.09583333333333333,0.09583333333333333,"[9, 18, 6, 9]",11
585,164,1,3,1,0.14166666666666666,0.14166666666666666,"[20, 17, 1]",7
586,180,9,3,1,0.14166666666666666,0.14166666666666666,"[21, 7, 9]",7
587,329,3,4,1,0.1125,0.1125,"[1, 4, 16, 3]",9
588,295,1,4,1,0.10340909090909091,0.10340909090909091,"[18, 9, 1, 1]",10
589,97,1,4,1,0.1125,0.1125,"[6, 6, 9, 1]",9
590,240,18,3,1,0.14166666666666666,0.14166666666666666,"[13, 1, 18]",7
591,32,4,3,2,0.28313492063492063,0.14156746031746031,"[22, 3, 4]",6
592,101,2,3,1,0.1595238095238095,0.1595238095238095,"[11, 22, 2]",6
593,165,8,3,1,0.12777777777777777,0.12777777777777777,"[19, 18, 8]",8
594,76,8,3,2,0.28313492063492063,0.14156746031746031,"[7, 6, 8]",6
595,80,20,3,1,0.1236111111111111,0.1236111111111111,"[15, 7, 20]",8
596,200,4,3,1,0.14166666666666666,0.14166666666666666,"[17, 1, 4]",7
597,67,2,3,2,0.2720238095238095,0.13601190476190475,"[16, 2, 2]",6
598,73,2,3,2,0.2720238095238095,0.13601190476190475,"[10, 2, 2]",6
599,98,6,3,1,0.1595238095238095,0.1595238095238095,"[2, 13, 6]",6
600,104,12,3,1,0.12777777777777777,0.12777777777777777,"[8, 2, 12]",8
601,37,16,3,1,0.14166666666666666,0.14166666666666666,"[4, 16, 16]",7
602,211,2,3,1,0.14166666666666666,0.14166666666666666,"[5, 16, 2]",7
603,234,2,3,1,0.14166666666666666,0.14166666666666666,"[14, 16, 2]",7
604,199,13,3,1,0.1595238095238095,0.1595238095238095,"[21, 10, 13]",6
605,186,9,3,1,0.12777777777777777,0.12777777777777777,"[20, 12, 9]",8
606,133,4,3,1,0.14166666666666666,0.14166666666666666,"[22, 9, 4]",7
607,203,13,3,1,0.1595238095238095,0.1595238095238095,"[13, 8, 13]",6
608,43,18,3,1,0.12777777777777777,0.12777777777777777,"[11, 1, 18]",8
609,244,13,4,1,0.10340909090909091,0.10340909090909091,"[12, 6, 8, 13]",10
610,109,8,4,1,0.10340909090909091,0.10340909090909091,"[3, 1, 18, 8]",10
611,95,13,4,1,0.1125,0.1125,"[1, 1, 4, 13]",9
612,96,7,3,1,0.1595238095238095,0.1595238095238095,"[7, 7, 7]",6
613,107,8,4,1,0.09583333333333333,0.09583333333333333,"[9, 1, 18, 8]",11
614,209,8,3,1,0.1595238095238095,0.1595238095238095,"[19, 21, 8]",6
615,262,3,4,1,0.1125,0.1125,"[6, 8, 2, 3]",9
616,246,3,4,1,0.10340909090909091,0.10340909090909091,"[18, 6, 8, 3]",10
617,49,4,3,1,0.1595238095238095,0.1595238095238095,"[17, 19, 4]",6
618,188,18,3,1,0.12777777777777777,0.12777777777777777,"[15, 1, 18]",8
619,48,16,3,2,0.2720238095238095,0.13601190476190475,"[16, 16, 16]",6
620,93,16,3,2,0.2720238095238095,0.13601190476190475,"[10, 16, 16]",6
621,118,16,3,2,0.28313492063492063,0.14156746031746031,"[2, 2, 16]",6
622,57,13,3,1,0.14166666666666666,0.14166666666666666,"[4, 2, 13]",7
623,42,6,3,1,0.14166666666666666,0.14166666666666666,"[8, 13, 6]",7
624,128,4,3,1,0.12777777777777777,0.12777777777777777,"[5, 1, 4]",8
625,46,4,3,1,0.12777777777777777,0.12777777777777777,"[21, 9, 4]",8
626,127,6,3,1,0.14166666666666666,0.14166666666666666,"[14, 6, 6]",7
627,117,16,3,1,0.1595238095238095,0.1595238095238095,"[13, 20, 16]",6
628,155,12,3,1,0.12777777777777777,0.12777777777777777,"[22, 8, 12]",8
629,141,10,3,1,0.12777777777777777,0.12777777777777777,"[20, 15, 10]",8
630,156,3,3,1,0.14166666666666666,0.14166666666666666,"[7, 11, 3]",7
631,163,18,3,1,0.12777777777777777,0.12777777777777777,"[11, 3, 18]",8
632,78,5,3,1,0.11666666666666667,0.11666666666666667,"[19, 11, 5]",9
633,218,1,3,1,0.14166666666666666,0.14166666666666666,"[17, 5, 1]",7
634,119,18,4,1,0.09583333333333333,0.09583333333333333,"[1, 18, 9, 18]",11
635,271,20,4,1,0.09583333333333333,0.09583333333333333,"[12, 8, 13, 20]",11
636,347,11,4,1,0.09583333333333333,0.09583333333333333,"[3, 4, 13, 11]",11
637,190,16,4,1,0.10340909090909091,0.10340909090909091,"[6, 9, 4, 16]",10
638,231,12,3,1,0.14166666666666666,0.14166666666666666,"[15, 11, 12]",7
639,270,1,4,1,0.10340909090909091,0.10340909090909091,"[9, 4, 13, 1]",10
640,348,4,4,1,0.09583333333333333,0.09583333333333333,"[18, 8, 3, 4]",11
641,229,16,4,1,0.10340909090909091,0.10340909090909091,"[16, 3, 4, 16]",10
642,232,9,4,1,0.09583333333333333,0.09583333333333333,"[10, 3, 18, 9]",11
643,206,16,4,1,0.10340909090909091,0.10340909090909091,"[2, 3, 4, 16]",10
644,81,1,3,1,0.14166666666666666,0.14166666666666666,"[4, 13, 1]",7
645,59,13,3,1,0.14166666666666666,0.14166666666666666,"[8, 16, 13]",7
646,256,4,3,1,0.14166666666666666,0.14166666666666666,"[5, 19, 4]",7
647,134,8,3,1,0.12777777777777777,0.12777777777777777,"[21, 18, 8]",8
648,92,18,3,1,0.12777777777777777,0.12777777777777777,"[13, 9, 18]",8
649,105,13,3,1,0.12777777777777777,0.12777777777777777,"[14, 8, 13]",8
650,178,8,3,1,0.12777777777777777,0.12777777777777777,"[22, 12, 8]",8
651,226,9,3,1,0.12777777777777777,0.12777777777777777,"[20, 6, 9]",8
652,24,1,3,1,0.14166666666666666,0.14166666666666666,"[7, 9, 1]",7
653,79,13,3,1,0.12777777777777777,0.12777777777777777,"[11, 4, 13]",8
654,135,6,3,1,0.14166666666666666,0.14166666666666666,"[17, 18, 6]",7
655,40,13,3,1,0.14166666666666666,0.14166666666666666,"[19, 20, 13]",7
656,149,1,3,1,0.14166666666666666,0.14166666666666666,"[15, 9, 1]",7
657,401,8,4,1,0.10340909090909091,0.10340909090909091,"[1, 4, 12, 8]",10
658,235,13,4,1,0.1125,0.1125,"[6, 6, 8, 13]",9
659,293,3,4,1,0.09583333333333333,0.09583333333333333,"[12, 9, 4, 3]",11
660,294,13,4,1,0.10340909090909091,0.10340909090909091,"[3, 18, 8, 13]",10
661,224,12,4,1,0.08942307692307692,0.08942307692307692,"[9, 18, 8, 12]",12
662,204,1,4,1,0.10340909090909091,0.10340909090909091,"[16, 12, 9, 1]",10
663,130,13,4,1,0.09583333333333333,0.09583333333333333,"[18, 9, 4, 13]",11
664,315,12,4,1,0.09583333333333333,0.09583333333333333,"[2, 12, 8, 12]",11
665,207,16,4,1,0.10340909090909091,0.10340909090909091,"[10, 12, 8, 16]",10
666,287,16,4,1,0.10340909090909091,0.10340909090909091,"[4, 12, 8, 16]",10
667,193,8,4,1,0.09583333333333333,0.09583333333333333,"[8, 3, 18, 8]",11
668,33,9,3,1,0.11666666666666667,0.11666666666666667,"[5, 18, 9]",9
669,217,14,3,1,0.12777777777777777,0.12777777777777777,"[21, 20, 14]",8
670,181,6,3,1,0.14166666666666666,0.14166666666666666,"[13, 18, 6]",7
671,189,14,3,1,0.11666666666666667,0.11666666666666667,"[14, 14, 14]",9
672,51,9,3,1,0.12777777777777777,0.12777777777777777,"[7, 18, 9]",8
673,201,21,3,1,0.14166666666666666,0.14166666666666666,"[22, 15, 21]",7
674,99,18,3,1,0.11666666666666667,0.11666666666666667,"[20, 9, 18]",9
675,177,12,3,1,0.14166666666666666,0.14166666666666666,"[17, 4, 12]",7
676,100,2,3,1,0.14166666666666666,0.14166666666666666,"[19, 8, 2]",7
677,185,6,3,1,0.12777777777777777,0.12777777777777777,"[11, 18, 6]",8
678,210,12,3,1,0.12777777777777777,0.12777777777777777,"[15, 4, 12]",8
679,169,9,4,1,0.10340909090909091,0.10340909090909091,"[1, 1, 18, 9]",10
680,328,18,4,1,0.10340909090909091,0.10340909090909091,"[6, 8, 3, 18]",10
681,29,21,3,1,0.1595238095238095,0.1595238095238095,"[16, 13, 21]",6
682,174,3,4,1,0.09583333333333333,0.09583333333333333,"[3, 1, 4, 3]",11
683,110,4,4,1,0.10340909090909091,0.10340909090909091,"[12, 6, 9, 4]",10
684,53,21,3,1,0.1595238095238095,0.1595238095238095,"[10, 13, 21]",6
685,275,12,4,1,0.1125,0.1125,"[2, 16, 16, 12]",9
686,346,9,4,1,0.09583333333333333,0.09583333333333333,"[9, 4, 12, 9]",11
687,108,1,4,1,0.10340909090909091,0.10340909090909091,"[18, 6, 9, 1]",10
688,47,16,3,1,0.1595238095238095,0.1595238095238095,"[13, 11, 16]",6
689,354,2,4,1,0.09583333333333333,0.09583333333333333,"[4, 3, 4, 2]",11
690,157,22,3,1,0.14166666666666666,0.14166666666666666,"[21, 11, 22]",7
691,83,16,3,1,0.12777777777777777,0.12777777777777777,"[5, 4, 16]",8
692,242,2,4,1,0.09583333333333333,0.09583333333333333,"[8, 12, 8, 2]",11
693,238,9,3,1,0.12777777777777777,0.12777777777777777,"[22, 14, 9]",8
694,179,13,3,1,0.1595238095238095,0.1595238095238095,"[7, 20, 13]",6
695,212,21,3,1,0.12777777777777777,0.12777777777777777,"[14, 15, 21]",8
696,241,18,3,1,0.12777777777777777,0.12777777777777777,"[17, 3, 18]",8
697,245,16,3,1,0.12777777777777777,0.12777777777777777,"[20, 8, 16]",8
698,187,16,3,1,0.14166666666666666,0.14166666666666666,"[19, 10, 16]",7
699,205,11,3,1,0.1236111111111111,0.1236111111111111,"[11, 19, 11]",9
700,102,8,3,1,0.11666666666666667,0.11666666666666667,"[15, 18, 8]",9
701,161,8,4,1,0.1236111111111111,0.1236111111111111,"[16, 16, 13, 8]",8
702,278,11,4,1,0.1125,0.1125,"[10, 2, 13, 11]",9
703,263,12,4,1,0.09583333333333333,0.09583333333333333,"[1, 18, 8, 12]",11
704,284,6,4,1,0.10340909090909091,0.10340909090909091,"[6, 9, 18, 6]",10
705,98,20,3,1,0.14166666666666666,0.14166666666666666,"[2, 13, 20]",7
706,27,16,3,1,0.1595238095238095,0.1595238095238095,"[13, 4, 16]",6
707,412,4,4,1,0.10340909090909091,0.10340909090909091,"[12, 8, 3, 4]",10
708,414,6,4,1,0.10340909090909091,0.10340909090909091,"[3, 4, 12, 6]",10
709,71,12,3,1,0.14166666666666666,0.14166666666666666,"[21, 4, 12]",7
710,415,3,4,1,0.09583333333333333,0.09583333333333333,"[18, 8, 16, 3]",11
711,173,16,4,1,0.10340909090909091,0.10340909090909091,"[9, 1, 4, 16]",10
712,202,13,3,1,0.1595238095238095,0.1595238095238095,"[7, 4, 13]",6
713,233,19,3,1,0.11666666666666667,0.11666666666666667,"[5, 5, 19]",9
714,90,16,3,1,0.1595238095238095,0.1595238095238095,"[22, 16, 16]",6
715,309,9,4,1,0.10340909090909091,0.10340909090909091,"[4, 16, 13, 9]",10
716,115,16,3,1,0.1595238095238095,0.1595238095238095,"[17, 16, 16]",6
717,42,10,3,1,0.14166666666666666,0.14166666666666666,"[8, 13, 10]",7
718,255,4,3,1,0.12777777777777777,0.12777777777777777,"[14, 9, 4]",8
719,249,18,3,1,0.11666666666666667,0.11666666666666667,"[19, 9, 18]",9
720,77,12,3,1,0.11666666666666667,0.11666666666666667,"[20, 14, 12]",9
721,227,19,3,1,0.12777777777777777,0.12777777777777777,"[11, 5, 19]",8
722,125,15,3,1,0.1236111111111111,0.1236111111111111,"[15, 20, 15]",9
723,182,7,4,1,0.1236111111111111,0.1236111111111111,"[16, 2, 13, 7]",8
724,298,10,4,1,0.1236111111111111,0.1236111111111111,"[10, 16, 13, 10]",8
725,72,9,3,1,0.14166666666666666,0.14166666666666666,"[13, 6, 9]",7
726,184,12,4,1,0.1125,0.1125,"[2, 2, 2, 12]",9
727,166,8,4,1,0.1125,0.1125,"[6, 6, 6, 8]",9
728,145,1,4,1,0.10340909090909091,0.10340909090909091,"[1, 4, 3, 1]",10
729,76,6,3,1,0.1595238095238095,0.1595238095238095,"[7, 6, 6]",6
730,91,18,3,1,0.14166666666666666,0.14166666666666666,"[21, 1, 18]",7
731,111,1,3,1,0.1595238095238095,0.1595238095238095,"[22, 13, 1]",6
732,132,9,4,1,0.08942307692307692,0.08942307692307692,"[12, 9, 18, 9]",12
733,225,1,4,1,0.09583333333333333,0.09583333333333333,"[3, 18, 9, 1]",11
734,158,9,3,1,0.14166666666666666,0.14166666666666666,"[17, 12, 9]",7
735,292,18,4,1,0.08942307692307692,0.08942307692307692,"[9, 18, 9, 18]",12
736,106,1,3,1,0.12777777777777777,0.12777777777777777,"[5, 3, 1]",8
737,222,9,4,1,0.08942307692307692,0.08942307692307692,"[18, 9, 18, 9]",12
738,171,3,4,1,0.1125,0.1125,"[8, 16, 16, 3]",9
739,39,9,3,1,0.11666666666666667,0.11666666666666667,"[14, 12, 9]",9
740,58,3,3,1,0.1595238095238095,0.1595238095238095,"[19, 4, 3]",6
741,172,3,4,1,0.1125,0.1125,"[4, 2, 16, 3]",9
742,55,16,3,1,0.1595238095238095,0.1595238095238095,"[20, 16, 16]",6
743,60,9,3,1,0.14166666666666666,0.14166666666666666,"[11, 12, 9]",7
744,251,2,3,1,0.1595238095238095,0.1595238095238095,"[15, 8, 2]",6
745,336,8,4,1,0.10340909090909091,0.10340909090909091,"[16, 3, 18, 8]",10
746,159,11,3,1,0.14166666666666666,0.14166666666666666,"[13, 21, 11]",7
747,340,13,4,1,0.10340909090909091,0.10340909090909091,"[10, 3, 4, 13]",10
748,96,4,3,1,0.1595238095238095,0.1595238095238095,"[7, 7, 4]",6
749,112,3,3,1,0.14166666666666666,0.14166666666666666,"[21, 8, 3]",7
750,221,3,3,1,0.1595238095238095,0.1595238095238095,"[22, 2, 3]",6
751,337,6,4,1,0.10340909090909091,0.10340909090909091,"[2, 3, 18, 6]",10
752,398,9,4,1,0.09583333333333333,0.09583333333333333,"[6, 8, 12, 9]",11
753,30,8,3,1,0.1595238095238095,0.1595238095238095,"[17, 13, 8]",6
754,236,18,4,1,0.1125,0.1125,"[1, 1, 1, 18]",9
755,61,9,3,1,0.12777777777777777,0.12777777777777777,"[5, 12, 9]",8
756,228,18,3,1,0.14166666666666666,0.14166666666666666,"[19, 1, 18]",7
757,121,12,3,1,0.14166666666666666,0.14166666666666666,"[20, 2, 12]",7
758,248,1,4,2,0.2058333333333333,0.10291666666666666,"[3, 1, 1, 1]",9
759,176,9,4,1,0.10340909090909091,0.10340909090909091,"[12, 6, 6, 9]",10
760,215,2,4,1,0.1125,0.1125,"[8, 2, 16, 2]",9
761,148,3,3,1,0.14166666666666666,0.14166666666666666,"[14, 2, 3]",7
762,123,2,3,1,0.1595238095238095,0.1595238095238095,"[11, 16, 2]",6
763,247,1,4,2,0.19942307692307693,0.09971153846153846,"[9, 1, 1, 1]",9
764,175,8,4,1,0.10340909090909091,0.10340909090909091,"[18, 6, 6, 8]",10
765,81,4,3,1,0.14166666666666666,0.14166666666666666,"[4, 13, 4]",7
766,168,6,3,1,0.1595238095238095,0.1595238095238095,"[15, 6, 6]",6
767,140,12,3,1,0.14166666666666666,0.14166666666666666,"[13, 10, 12]",7
768,116,4,3,1,0.1595238095238095,0.1595238095238095,"[7, 1, 4]",6
769,32,1,3,1,0.1595238095238095,0.1595238095238095,"[22, 3, 1]",6
770,429,13,4,1,0.10340909090909091,0.10340909090909091,"[16, 12, 8, 13]",10
771,239,11,3,1,0.14166666666666666,0.14166666666666666,"[21, 21, 11]",7
772,317,1,4,1,0.10340909090909091,0.10340909090909091,"[10, 12, 9, 1]",10
773,74,2,3,1,0.1595238095238095,0.1595238095238095,"[17, 2, 2]",6
774,430,18,4,1,0.09583333333333333,0.09583333333333333,"[2, 12, 9, 18]",11
775,209,18,3,1,0.12777777777777777,0.12777777777777777,"[19, 21, 18]",8
776,41,21,3,1,0.1595238095238095,0.1595238095238095,"[20, 13, 21]",6
777,120,1,4,2,0.19942307692307693,0.09971153846153846,"[6, 9, 1, 1]",9
778,192,6,4,2,0.19942307692307693,0.09971153846153846,"[1, 18, 6, 6]",9
779,150,21,3,1,0.14166666666666666,0.14166666666666666,"[5, 13, 21]",7
780,250,12,3,1,0.1595238095238095,0.1595238095238095,"[11, 2, 12]",6
781,234,12,3,1,0.14166666666666666,0.14166666666666666,"[14, 16, 12]",7
782,36,4,3,1,0.1595238095238095,0.1595238095238095,"[15, 21, 4]",6
783,198,4,4,1,0.08942307692307692,0.08942307692307692,"[3, 4, 3, 4]",12
784,443,4,4,1,0.09583333333333333,0.09583333333333333,"[4, 12, 9, 4]",11
785,442,16,4,1,0.10340909090909091,0.10340909090909091,"[8, 3, 4, 16]",10
786,342,9,4,1,0.08942307692307692,0.08942307692307692,"[12, 8, 12, 9]",12
787,413,1,4,1,0.09583333333333333,0.09583333333333333,"[9, 4, 3, 1]",11
788,272,8,4,1,0.08942307692307692,0.08942307692307692,"[18, 8, 12, 8]",12
789,136,16,3,1,0.1595238095238095,0.1595238095238095,"[7, 8, 16]",6
790,203,12,3,1,0.14166666666666666,0.14166666666666666,"[13, 8, 12]",7
791,50,8,3,1,0.14166666666666666,0.14166666666666666,"[22, 6, 8]",7
792,26,8,3,1,0.1595238095238095,0.1595238095238095,"[21, 6, 8]",6
793,94,9,3,1,0.14166666666666666,0.14166666666666666,"[17, 22, 9]",7
794,29,6,3,1,0.1595238095238095,0.1595238095238095,"[16, 13, 6]",6
795,53,6,3,1,0.1595238095238095,0.1595238095238095,"[10, 13, 6]",6
796,208,4,3,1,0.1595238095238095,0.1595238095238095,"[20, 3, 4]",6
797,101,15,3,1,0.1236111111111111,0.1236111111111111,"[11, 22, 15]",8
798,98,10,3,1,0.1595238095238095,0.1595238095238095,"[2, 13, 10]",6
799,122,10,3,1,0.14166666666666666,0.14166666666666666,"[19, 7, 10]",7
800,170,16,3,1,0.14166666666666666,0.14166666666666666,"[5, 2, 16]",7
801,56,16,3,1,0.14166666666666666,0.14166666666666666,"[15, 10, 16]",7
802,65,1,3,1,0.14166666666666666,0.14166666666666666,"[14, 17, 1]",7
803,95,12,4,1,0.1125,0.1125,"[1, 1, 4, 12]",9
804,97,4,4,1,0.10340909090909091,0.10340909090909091,"[6, 6, 9, 4]",10
805,352,18,4,1,0.08942307692307692,0.08942307692307692,"[8, 12, 9, 18]",12
806,465,8,4,1,0.09583333333333333,0.09583333333333333,"[4, 3, 18, 8]",11
807,219,4,3,1,0.1595238095238095,0.1595238095238095,"[7, 21, 4]",6
808,152,9,4,1,0.09583333333333333,0.09583333333333333,"[3, 18, 6, 9]",11
809,223,1,4,1,0.10340909090909091,0.10340909090909091,"[12, 9, 1, 1]",10
810,220,21,3,1,0.1595238095238095,0.1595238095238095,"[13, 7, 21]",6
811,151,8,4,1,0.09583333333333333,0.09583333333333333,"[9, 18, 6, 8]",11
812,68,13,3,1,0.1595238095238095,0.1595238095238095,"[22, 17, 13]",6
813,199,3,3,1,0.14166666666666666,0.14166666666666666,"[21, 10, 3]",7
814,295,4,4,1,0.09583333333333333,0.09583333333333333,"[18, 9, 1, 4]",11
815,200,1,3,1,0.1595238095238095,0.1595238095238095,"[17, 1, 1]",6
816,510,13,4,1,0.1236111111111111,0.1236111111111111,"[16, 16, 2, 13]",8
817,407,2,4,1,0.1236111111111111,0.1236111111111111,"[10, 16, 2, 2]",8
818,164,4,3,1,0.12777777777777777,0.12777777777777777,"[20, 17, 4]",8
819,362,13,4,1,0.1236111111111111,0.1236111111111111,"[2, 16, 2, 13]",8
820,40,14,3,1,0.12777777777777777,0.12777777777777777,"[19, 20, 14]",8
821,142,11,3,1,0.14166666666666666,0.14166666666666666,"[11, 13, 11]",7
822,211,3,3,1,0.14166666666666666,0.14166666666666666,"[5, 16, 3]",7
823,231,4,3,1,0.12777777777777777,0.12777777777777777,"[15, 11, 4]",8
824,86,7,3,1,0.14166666666666666,0.14166666666666666,"[14, 13, 7]",7
825,214,21,4,1,0.1125,0.1125,"[1, 4, 13, 21]",9
826,143,16,4,1,0.1125,0.1125,"[6, 8, 16, 16]",9
827,237,13,3,1,0.1595238095238095,0.1595238095238095,"[7, 10, 13]",6
828,240,1,3,1,0.1595238095238095,0.1595238095238095,"[13, 1, 1]",6
829,133,18,3,1,0.12777777777777777,0.12777777777777777,"[22, 9, 18]",8
830,180,8,3,1,0.1595238095238095,0.1595238095238095,"[21, 7, 8]",6
831,81,20,3,1,0.12777777777777777,0.12777777777777777,"[4, 13, 20]",8
832,42,20,3,1,0.12777777777777777,0.12777777777777777,"[8, 13, 20]",8
833,49,1,3,1,0.1595238095238095,0.1595238095238095,"[17, 19, 1]",6
834,109,9,4,1,0.09583333333333333,0.09583333333333333,"[3, 1, 18, 9]",11
835,244,16,4,1,0.10340909090909091,0.10340909090909091,"[12, 6, 8, 16]",10
836,173,2,4,1,0.10340909090909091,0.10340909090909091,"[9, 1, 4, 2]",10
837,274,3,4,1,0.1125,0.1125,"[16, 2, 16, 3]",9
838,246,16,4,1,0.10340909090909091,0.10340909090909091,"[18, 6, 8, 16]",10
839,386,2,4,1,0.1236111111111111,0.1236111111111111,"[10, 2, 16, 2]",8
840,186,8,3,1,0.12777777777777777,0.12777777777777777,"[20, 12, 8]",8
841,514,10,4,1,0.1236111111111111,0.1236111111111111,"[2, 2, 13, 10]",8
842,43,1,3,1,0.14166666666666666,0.14166666666666666,"[11, 1, 1]",7
843,191,9,3,1,0.12777777777777777,0.12777777777777777,"[5, 22, 9]",8
844,100,16,3,1,0.14166666666666666,0.14166666666666666,"[19, 8, 16]",7
845,149,4,3,1,0.12777777777777777,0.12777777777777777,"[15, 9, 4]",8
846,127,9,3,1,0.12777777777777777,0.12777777777777777,"[14, 6, 9]",8
847,179,3,3,1,0.1595238095238095,0.1595238095238095,"[7, 20, 3]",6
848,117,13,3,1,0.1595238095238095,0.1595238095238095,"[13, 20, 13]",6
849,119,4,4,1,0.09583333333333333,0.09583333333333333,"[1, 18, 9, 4]",11
850,190,3,4,1,0.09583333333333333,0.09583333333333333,"[6, 9, 4, 3]",11
851,201,7,3,1,0.14166666666666666,0.14166666666666666,"[22, 15, 7]",7
852,46,18,3,1,0.12777777777777777,0.12777777777777777,"[21, 9, 18]",8
853,218,2,3,1,0.14166666666666666,0.14166666666666666,"[17, 5, 2]",7
854,265,2,4,1,0.1125,0.1125,"[4, 2, 2, 2]",9
855,286,9,4,1,0.10340909090909091,0.10340909090909091,"[8, 16, 12, 9]",10
856,154,16,4,1,0.10340909090909091,0.10340909090909091,"[12, 8, 16, 16]",10
857,131,2,4,1,0.10340909090909091,0.10340909090909091,"[3, 4, 2, 2]",10
858,451,4,4,1,0.10340909090909091,0.10340909090909091,"[16, 3, 1, 4]",10
859,129,3,4,1,0.10340909090909091,0.10340909090909091,"[9, 4, 16, 3]",10
860,450,4,4,1,0.10340909090909091,0.10340909090909091,"[10, 3, 1, 4]",10
861,141,1,3,1,0.12777777777777777,0.12777777777777777,"[20, 15, 1]",8
862,195,21,4,1,0.10340909090909091,0.10340909090909091,"[18, 8, 13, 21]",10
863,163,1,3,1,0.14166666666666666,0.14166666666666666,"[11, 3, 1]",7
864,144,6,3,1,0.14166666666666666,0.14166666666666666,"[19, 6, 6]",7
865,452,18,4,1,0.10340909090909091,0.10340909090909091,"[2, 3, 1, 18]",10
866,256,21,3,1,0.12777777777777777,0.12777777777777777,"[5, 19, 21]",8
867,156,13,3,1,0.1595238095238095,0.1595238095238095,"[7, 11, 13]",6
868,188,1,3,1,0.14166666666666666,0.14166666666666666,"[15, 1, 1]",7
869,167,4,3,1,0.14166666666666666,0.14166666666666666,"[14, 3, 4]",7
870,47,18,3,1,0.12777777777777777,0.12777777777777777,"[13, 11, 18]",8
871,155,13,3,1,0.14166666666666666,0.14166666666666666,"[22, 8, 13]",7
872,134,9,3,1,0.12777777777777777,0.12777777777777777,"[21, 18, 9]",8
873,135,8,3,1,0.14166666666666666,0.14166666666666666,"[17, 18, 8]",7
874,169,6,4,1,0.1125,0.1125,"[1, 1, 18, 6]",9
875,235,16,4,1,0.1125,0.1125,"[6, 6, 8, 16]",9
876,399,12,4,1,0.10340909090909091,0.10340909090909091,"[4, 16, 2, 12]",10
877,308,1,4,1,0.1125,0.1125,"[8, 2, 3, 1]",9
878,226,6,3,1,0.14166666666666666,0.14166666666666666,"[20, 6, 6]",7
879,314,9,4,1,0.10340909090909091,0.10340909090909091,"[16, 12, 6, 9]",10
880,79,2,3,1,0.12777777777777777,0.12777777777777777,"[11, 4, 2]",8
881,165,9,3,1,0.12777777777777777,0.12777777777777777,"[19, 18, 9]",8
882,293,13,4,1,0.10340909090909091,0.10340909090909091,"[12, 9, 4, 13]",10
883,294,12,4,1,0.09583333333333333,0.09583333333333333,"[3, 18, 8, 12]",11
884,428,8,4,1,0.10340909090909091,0.10340909090909091,"[10, 12, 6, 8]",10
885,24,4,3,1,0.12777777777777777,0.12777777777777777,"[7, 9, 4]",8
886,224,13,4,1,0.09583333333333333,0.09583333333333333,"[9, 18, 8, 13]",11
887,128,1,3,1,0.14166666666666666,0.14166666666666666,"[5, 1, 1]",7
888,80,6,3,1,0.1595238095238095,0.1595238095238095,"[15, 7, 6]",6
889,130,12,4,1,0.09583333333333333,0.09583333333333333,"[18, 9, 4, 12]",11
890,105,12,3,1,0.11666666666666667,0.11666666666666667,"[14, 8, 12]",9
891,230,6,4,1,0.1125,0.1125,"[2, 12, 6, 6]",9
892,181,8,3,1,0.12777777777777777,0.12777777777777777,"[13, 18, 8]",8
893,178,9,3,1,0.12777777777777777,0.12777777777777777,"[22, 12, 9]",8
894,177,16,3,1,0.14166666666666666,0.14166666666666666,"[17, 4, 16]",7
895,157,16,3,1,0.1595238095238095,0.1595238095238095,"[21, 11, 16]",6
896,285,2,4,1,0.1125,0.1125,"[1, 4, 2, 2]",9
897,262,2,4,1,0.1125,0.1125,"[6, 8, 2, 2]",9
898,216,8,4,1,0.10340909090909091,0.10340909090909091,"[4, 12, 6, 8]",10
899,330,1,4,1,0.1125,0.1125,"[8, 3, 1, 1]",9
900,245,3,3,1,0.12777777777777777,0.12777777777777777,"[20, 8, 3]",8
901,185,9,3,1,0.11666666666666667,0.11666666666666667,"[11, 18, 9]",9
902,187,12,3,1,0.12777777777777777,0.12777777777777777,"[19, 10, 12]",8
903,51,6,3,1,0.14166666666666666,0.14166666666666666,"[7, 18, 6]",7
904,210,16,3,1,0.14166666666666666,0.14166666666666666,"[15, 4, 16]",7
905,29,4,3,1,0.1595238095238095,0.1595238095238095,"[16, 13, 4]",6
906,83,13,3,1,0.12777777777777777,0.12777777777777777,"[5, 4, 13]",8
907,53,11,3,1,0.14166666666666666,0.14166666666666666,"[10, 13, 11]",7
908,110,1,4,1,0.10340909090909091,0.10340909090909091,"[12, 6, 9, 1]",10
909,174,16,4,1,0.10340909090909091,0.10340909090909091,"[3, 1, 4, 16]",10
910,92,1,3,1,0.14166666666666666,0.14166666666666666,"[13, 9, 1]",7
911,212,6,3,1,0.14166666666666666,0.14166666666666666,"[14, 15, 6]",7
912,98,18,3,1,0.14166666666666666,0.14166666666666666,"[2, 13, 18]",7
913,107,9,4,1,0.09583333333333333,0.09583333333333333,"[9, 1, 18, 9]",11
914,108,4,4,1,0.09583333333333333,0.09583333333333333,"[18, 6, 9, 4]",11
915,217,16,3,1,0.1595238095238095,0.1595238095238095,"[21, 20, 16]",6
916,238,15,3,1,0.12777777777777777,0.12777777777777777,"[22, 14, 15]",8
917,241,1,3,1,0.14166666666666666,0.14166666666666666,"[17, 3, 1]",7
918,263,16,4,1,0.10340909090909091,0.10340909090909091,"[1, 18, 8, 16]",10
919,284,8,4,1,0.09583333333333333,0.09583333333333333,"[6, 9, 18, 8]",11
920,99,4,3,1,0.12777777777777777,0.12777777777777777,"[20, 9, 4]",8
921,464,6,4,1,0.10340909090909091,0.10340909090909091,"[8, 12, 6, 6]",10
922,202,12,3,1,0.14166666666666666,0.14166666666666666,"[7, 4, 12]",7
923,619,12,4,1,0.1125,0.1125,"[16, 16, 16, 12]",9
924,243,4,4,1,0.09583333333333333,0.09583333333333333,"[4, 3, 1, 4]",11
925,102,9,3,1,0.11666666666666667,0.11666666666666667,"[15, 18, 9]",9
926,78,13,3,1,0.14166666666666666,0.14166666666666666,"[19, 11, 13]",7
927,227,1,3,1,0.14166666666666666,0.14166666666666666,"[11, 5, 1]",7
928,33,6,3,1,0.12777777777777777,0.12777777777777777,"[5, 18, 6]",8
929,620,3,4,1,0.1125,0.1125,"[10, 16, 16, 3]",9
930,27,12,3,1,0.14166666666666666,0.14166666666666666,"[13, 4, 12]",7
931,255,18,3,1,0.11666666666666667,0.11666666666666667,"[14, 9, 18]",9
932,579,4,4,1,0.1236111111111111,0.1236111111111111,"[2, 16, 13, 4]",8
933,258,6,4,1,0.1236111111111111,0.1236111111111111,"[21, 6, 6, 6]",8
934,115,13,3,1,0.1595238095238095,0.1595238095238095,"[17, 16, 13]",6
935,196,13,4,1,0.10340909090909091,0.10340909090909091,"[12, 8, 2, 13]",10
936,90,13,3,1,0.1595238095238095,0.1595238095238095,"[22, 16, 13]",6
937,414,8,4,1,0.10340909090909091,0.10340909090909091,"[3, 4, 12, 8]",10
938,197,2,4,1,0.10340909090909091,0.10340909090909091,"[9, 4, 2, 2]",10
939,153,2,4,1,0.10340909090909091,0.10340909090909091,"[18, 8, 2, 2]",10
940,594,2,4,1,0.1236111111111111,0.1236111111111111,"[7, 6, 8, 2]",8
941,77,8,3,1,0.12777777777777777,0.12777777777777777,"[20, 14, 8]",8
942,541,1,5,1,0.1009090909090909,0.1009090909090909,"[1, 1, 1, 1, 1]",10
943,249,4,3,1,0.11666666666666667,0.11666666666666667,"[19, 9, 4]",9
944,543,6,5,1,0.1009090909090909,0.1009090909090909,"[6, 6, 6, 6, 6]",10
945,205,9,3,1,0.11666666666666667,0.11666666666666667,"[11, 19, 9]",9
946,597,3,4,1,0.1125,0.1125,"[16, 2, 2, 3]",9
947,125,8,3,1,0.11666666666666667,0.11666666666666667,"[15, 20, 8]",9
948,280,8,4,1,0.1236111111111111,0.1236111111111111,"[13, 6, 6, 8]",8
949,42,9,3,1,0.12777777777777777,0.12777777777777777,"[8, 13, 9]",8
950,81,7,3,1,0.14166666666666666,0.14166666666666666,"[4, 13, 7]",7
951,106,18,3,1,0.11666666666666667,0.11666666666666667,"[5, 3, 18]",9
952,598,3,4,1,0.1125,0.1125,"[10, 2, 2, 3]",9
953,30,4,3,1,0.1595238095238095,0.1595238095238095,"[17, 13, 4]",6
954,111,11,3,1,0.14166666666666666,0.14166666666666666,"[22, 13, 11]",7
955,71,13,3,1,0.1595238095238095,0.1595238095238095,"[21, 4, 13]",6
956,621,16,4,1,0.1236111111111111,0.1236111111111111,"[2, 2, 16, 16]",8
957,189,2,3,1,0.12777777777777777,0.12777777777777777,"[14, 14, 2]",8
958,132,6,4,1,0.09583333333333333,0.09583333333333333,"[12, 9, 18, 6]",11
959,225,18,4,1,0.08942307692307692,0.08942307692307692,"[3, 18, 9, 18]",12
960,292,4,4,1,0.08942307692307692,0.08942307692307692,"[9, 18, 9, 4]",12
961,222,6,4,1,0.09583333333333333,0.09583333333333333,"[18, 9, 18, 6]",11
962,96,10,3,1,0.1595238095238095,0.1595238095238095,"[7, 7, 10]",6
963,55,13,3,1,0.1595238095238095,0.1595238095238095,"[20, 16, 13]",6
964,58,12,3,1,0.14166666666666666,0.14166666666666666,"[19, 4, 12]",7
965,267,16,4,1,0.1236111111111111,0.1236111111111111,"[11, 12, 8, 16]",8
966,329,12,4,1,0.10340909090909091,0.10340909090909091,"[1, 4, 16, 12]",10
967,159,1,3,1,0.1595238095238095,0.1595238095238095,"[13, 21, 1]",6
968,74,12,3,1,0.1595238095238095,0.1595238095238095,"[17, 2, 12]",6
969,251,12,3,1,0.1595238095238095,0.1595238095238095,"[15, 8, 12]",6
970,229,2,4,1,0.10340909090909091,0.10340909090909091,"[16, 3, 4, 2]",10
971,377,8,4,1,0.10340909090909091,0.10340909090909091,"[4, 2, 12, 8]",10
972,420,7,4,1,0.1125,0.1125,"[8, 2, 13, 7]",9
973,301,18,4,1,0.1125,0.1125,"[21, 1, 1, 18]",9
974,213,9,4,1,0.10340909090909091,0.10340909090909091,"[6, 8, 13, 9]",10
975,221,12,3,1,0.14166666666666666,0.14166666666666666,"[22, 2, 12]",7
976,233,4,3,1,0.11666666666666667,0.11666666666666667,"[5, 5, 4]",9
977,340,3,4,1,0.09583333333333333,0.09583333333333333,"[10, 3, 4, 3]",11
978,39,6,3,1,0.12777777777777777,0.12777777777777777,"[14, 12, 6]",8
979,206,13,4,1,0.10340909090909091,0.10340909090909091,"[2, 3, 4, 13]",10
980,316,8,5,1,0.08692307692307692,0.08692307692307692,"[12, 6, 6, 6, 8]",12
981,758,1,5,1,0.09333333333333332,0.09333333333333332,"[3, 1, 1, 1, 1]",11
982,303,4,4,1,0.1236111111111111,0.1236111111111111,"[7, 1, 1, 4]",8
983,763,4,5,1,0.08692307692307692,0.08692307692307692,"[9, 1, 1, 1, 4]",12
984,41,1,3,1,0.1595238095238095,0.1595238095238095,"[20, 13, 1]",6
985,320,6,5,1,0.09333333333333332,0.09333333333333332,"[18, 6, 6, 6, 6]",11
986,220,9,3,1,0.14166666666666666,0.14166666666666666,"[13, 7, 9]",7
987,349,6,4,1,0.1236111111111111,0.1236111111111111,"[17, 12, 6, 6]",8
988,290,1,4,1,0.1236111111111111,0.1236111111111111,"[19, 1, 1, 1]",8
989,269,13,4,1,0.1236111111111111,0.1236111111111111,"[15, 6, 8, 13]",8
990,123,3,3,1,0.1595238095238095,0.1595238095238095,"[11, 16, 3]",6
991,591,13,4,1,0.1236111111111111,0.1236111111111111,"[22, 3, 4, 13]",8
992,112,13,3,1,0.1595238095238095,0.1595238095238095,"[21, 8, 13]",6
993,204,4,4,1,0.10340909090909091,0.10340909090909091,"[16, 12, 9, 4]",10
994,778,8,5,1,0.08692307692307692,0.08692307692307692,"[1, 18, 6, 6, 8]",12
995,532,16,4,1,0.1125,0.1125,"[8, 16, 2, 16]",9
996,150,9,3,1,0.12777777777777777,0.12777777777777777,"[5, 13, 9]",8
997,512,4,4,1,0.10340909090909091,0.10340909090909091,"[4, 16, 3, 4]",10
998,777,4,5,1,0.08692307692307692,0.08692307692307692,"[6, 9, 1, 1, 4]",12
999,148,12,3,1,0.12777777777777777,0.12777777777777777,"[14, 2, 12]",8
1000,315,13,4,1,0.10340909090909091,0.10340909090909091,"[2, 12, 8, 13]",10
